ID,duration,wav,wav_format,wav_opts
noise-free-sound-0022_0,24.832,/tmp/mini_librispeech/noise/pointsource_noises/noise-free-sound-0022.wav,wav,
noise-free-sound-0744_1,1.044875,/tmp/mini_librispeech/noise/pointsource_noises/noise-free-sound-0744.wav,wav,
noise-free-sound-0750_2,5.4595625,/tmp/mini_librispeech/noise/pointsource_noises/noise-free-sound-0750.wav,wav,
noise-free-sound-0036_3,4.57,/tmp/mini_librispeech/noise/pointsource_noises/noise-free-sound-0036.wav,wav,
noise-free-sound-0778_4,18.2613125,/tmp/mini_librispeech/noise/pointsource_noises/noise-free-sound-0778.wav,wav,
noise-free-sound-0787_5,34.9853125,/tmp/mini_librispeech/noise/pointsource_noises/noise-free-sound-0787.wav,wav,
noise-free-sound-0793_6,9.4301875,/tmp/mini_librispeech/noise/pointsource_noises/noise-free-sound-0793.wav,wav,
noise-free-sound-0546_7,117.6240625,/tmp/mini_librispeech/noise/pointsource_noises/noise-free-sound-0546.wav,wav,
noise-free-sound-0220_8,8.4668125,/tmp/mini_librispeech/noise/pointsource_noises/noise-free-sound-0220.wav,wav,
noise-free-sound-0234_9,75.0171875,/tmp/mini_librispeech/noise/pointsource_noises/noise-free-sound-0234.wav,wav,
noise-free-sound-0552_10,77.736,/tmp/mini_librispeech/noise/pointsource_noises/noise-free-sound-0552.wav,wav,
noise-free-sound-0208_11,6.4648125,/tmp/mini_librispeech/noise/pointsource_noises/noise-free-sound-0208.wav,wav,
noise-free-sound-0585_12,0.9288125,/tmp/mini_librispeech/noise/pointsource_noises/noise-free-sound-0585.wav,wav,
noise-free-sound-0591_13,12.256875,/tmp/mini_librispeech/noise/pointsource_noises/noise-free-sound-0591.wav,wav,
noise-free-sound-0432_14,22.2540625,/tmp/mini_librispeech/noise/pointsource_noises/noise-free-sound-0432.wav,wav,
noise-free-sound-0354_15,0.9999375,/tmp/mini_librispeech/noise/pointsource_noises/noise-free-sound-0354.wav,wav,
noise-free-sound-0340_16,33.672,/tmp/mini_librispeech/noise/pointsource_noises/noise-free-sound-0340.wav,wav,
noise-free-sound-0426_17,3.89225,/tmp/mini_librispeech/noise/pointsource_noises/noise-free-sound-0426.wav,wav,
noise-free-sound-0368_18,1.6456875,/tmp/mini_librispeech/noise/pointsource_noises/noise-free-sound-0368.wav,wav,
noise-free-sound-0397_19,45.328,/tmp/mini_librispeech/noise/pointsource_noises/noise-free-sound-0397.wav,wav,
noise-free-sound-0383_20,32.904,/tmp/mini_librispeech/noise/pointsource_noises/noise-free-sound-0383.wav,wav,
noise-free-sound-0156_21,90.197375,/tmp/mini_librispeech/noise/pointsource_noises/noise-free-sound-0156.wav,wav,
noise-free-sound-0630_22,3.1085625,/tmp/mini_librispeech/noise/pointsource_noises/noise-free-sound-0630.wav,wav,
noise-free-sound-0624_23,0.104,/tmp/mini_librispeech/noise/pointsource_noises/noise-free-sound-0624.wav,wav,
noise-free-sound-0142_24,38.99975,/tmp/mini_librispeech/noise/pointsource_noises/noise-free-sound-0142.wav,wav,
noise-free-sound-0618_25,3.0205625,/tmp/mini_librispeech/noise/pointsource_noises/noise-free-sound-0618.wav,wav,
noise-free-sound-0195_26,4.2959375,/tmp/mini_librispeech/noise/pointsource_noises/noise-free-sound-0195.wav,wav,
noise-free-sound-0181_27,4.7964375,/tmp/mini_librispeech/noise/pointsource_noises/noise-free-sound-0181.wav,wav,
noise-free-sound-0817_28,1.6123125,/tmp/mini_librispeech/noise/pointsource_noises/noise-free-sound-0817.wav,wav,
noise-free-sound-0803_29,14.02775,/tmp/mini_librispeech/noise/pointsource_noises/noise-free-sound-0803.wav,wav,
noise-free-sound-0802_30,5.1245,/tmp/mini_librispeech/noise/pointsource_noises/noise-free-sound-0802.wav,wav,
noise-free-sound-0816_31,1.324625,/tmp/mini_librispeech/noise/pointsource_noises/noise-free-sound-0816.wav,wav,
noise-free-sound-0180_32,15.5155,/tmp/mini_librispeech/noise/pointsource_noises/noise-free-sound-0180.wav,wav,
noise-free-sound-0194_33,7.882875,/tmp/mini_librispeech/noise/pointsource_noises/noise-free-sound-0194.wav,wav,
noise-free-sound-0619_34,0.5454375,/tmp/mini_librispeech/noise/pointsource_noises/noise-free-sound-0619.wav,wav,
noise-free-sound-0625_35,20.8195625,/tmp/mini_librispeech/noise/pointsource_noises/noise-free-sound-0625.wav,wav,
noise-free-sound-0143_36,13.0430625,/tmp/mini_librispeech/noise/pointsource_noises/noise-free-sound-0143.wav,wav,
noise-free-sound-0157_37,3.0933125,/tmp/mini_librispeech/noise/pointsource_noises/noise-free-sound-0157.wav,wav,
noise-free-sound-0631_38,5.6,/tmp/mini_librispeech/noise/pointsource_noises/noise-free-sound-0631.wav,wav,
noise-free-sound-0382_39,60.552,/tmp/mini_librispeech/noise/pointsource_noises/noise-free-sound-0382.wav,wav,
noise-free-sound-0396_40,9.7959375,/tmp/mini_librispeech/noise/pointsource_noises/noise-free-sound-0396.wav,wav,
noise-free-sound-0369_41,4.049,/tmp/mini_librispeech/noise/pointsource_noises/noise-free-sound-0369.wav,wav,
noise-free-sound-0341_42,23.071875,/tmp/mini_librispeech/noise/pointsource_noises/noise-free-sound-0341.wav,wav,
noise-free-sound-0427_43,21.995125,/tmp/mini_librispeech/noise/pointsource_noises/noise-free-sound-0427.wav,wav,
noise-free-sound-0433_44,42.2370625,/tmp/mini_librispeech/noise/pointsource_noises/noise-free-sound-0433.wav,wav,
noise-free-sound-0355_45,14.664,/tmp/mini_librispeech/noise/pointsource_noises/noise-free-sound-0355.wav,wav,
noise-free-sound-0590_46,3.78775,/tmp/mini_librispeech/noise/pointsource_noises/noise-free-sound-0590.wav,wav,
noise-free-sound-0584_47,15.7739375,/tmp/mini_librispeech/noise/pointsource_noises/noise-free-sound-0584.wav,wav,
noise-free-sound-0209_48,9.6763125,/tmp/mini_librispeech/noise/pointsource_noises/noise-free-sound-0209.wav,wav,
noise-free-sound-0235_49,200.7829375,/tmp/mini_librispeech/noise/pointsource_noises/noise-free-sound-0235.wav,wav,
noise-free-sound-0553_50,16.431,/tmp/mini_librispeech/noise/pointsource_noises/noise-free-sound-0553.wav,wav,
noise-free-sound-0547_51,4.848875,/tmp/mini_librispeech/noise/pointsource_noises/noise-free-sound-0547.wav,wav,
noise-free-sound-0221_52,10.9275625,/tmp/mini_librispeech/noise/pointsource_noises/noise-free-sound-0221.wav,wav,
noise-free-sound-0792_53,41.5869375,/tmp/mini_librispeech/noise/pointsource_noises/noise-free-sound-0792.wav,wav,
noise-free-sound-0786_54,19.8,/tmp/mini_librispeech/noise/pointsource_noises/noise-free-sound-0786.wav,wav,
noise-free-sound-0779_55,12.512625,/tmp/mini_librispeech/noise/pointsource_noises/noise-free-sound-0779.wav,wav,
noise-free-sound-0751_56,1.446375,/tmp/mini_librispeech/noise/pointsource_noises/noise-free-sound-0751.wav,wav,
noise-free-sound-0037_57,0.94,/tmp/mini_librispeech/noise/pointsource_noises/noise-free-sound-0037.wav,wav,
noise-free-sound-0023_58,11.24,/tmp/mini_librispeech/noise/pointsource_noises/noise-free-sound-0023.wav,wav,
noise-free-sound-0745_59,4.7333125,/tmp/mini_librispeech/noise/pointsource_noises/noise-free-sound-0745.wav,wav,
noise-free-sound-0035_60,31.9333125,/tmp/mini_librispeech/noise/pointsource_noises/noise-free-sound-0035.wav,wav,
noise-free-sound-0753_61,24.696,/tmp/mini_librispeech/noise/pointsource_noises/noise-free-sound-0753.wav,wav,
noise-free-sound-0747_62,17.4236875,/tmp/mini_librispeech/noise/pointsource_noises/noise-free-sound-0747.wav,wav,
noise-free-sound-0021_63,18.0453125,/tmp/mini_librispeech/noise/pointsource_noises/noise-free-sound-0021.wav,wav,
noise-free-sound-0009_64,8.3866875,/tmp/mini_librispeech/noise/pointsource_noises/noise-free-sound-0009.wav,wav,
noise-free-sound-0790_65,16.138125,/tmp/mini_librispeech/noise/pointsource_noises/noise-free-sound-0790.wav,wav,
noise-free-sound-0784_66,35.8040625,/tmp/mini_librispeech/noise/pointsource_noises/noise-free-sound-0784.wav,wav,
noise-free-sound-0551_67,33.18525,/tmp/mini_librispeech/noise/pointsource_noises/noise-free-sound-0551.wav,wav,
noise-free-sound-0237_68,5.302875,/tmp/mini_librispeech/noise/pointsource_noises/noise-free-sound-0237.wav,wav,
noise-free-sound-0223_69,3.5869375,/tmp/mini_librispeech/noise/pointsource_noises/noise-free-sound-0223.wav,wav,
noise-free-sound-0545_70,31.07325,/tmp/mini_librispeech/noise/pointsource_noises/noise-free-sound-0545.wav,wav,
noise-free-sound-0579_71,17.2660625,/tmp/mini_librispeech/noise/pointsource_noises/noise-free-sound-0579.wav,wav,
noise-free-sound-0592_72,32.875125,/tmp/mini_librispeech/noise/pointsource_noises/noise-free-sound-0592.wav,wav,
noise-free-sound-0586_73,10.8333125,/tmp/mini_librispeech/noise/pointsource_noises/noise-free-sound-0586.wav,wav,
noise-free-sound-0425_74,1.410625,/tmp/mini_librispeech/noise/pointsource_noises/noise-free-sound-0425.wav,wav,
noise-free-sound-0343_75,2.809625,/tmp/mini_librispeech/noise/pointsource_noises/noise-free-sound-0343.wav,wav,
noise-free-sound-0357_76,8.1763125,/tmp/mini_librispeech/noise/pointsource_noises/noise-free-sound-0357.wav,wav,
noise-free-sound-0431_77,22.9355,/tmp/mini_librispeech/noise/pointsource_noises/noise-free-sound-0431.wav,wav,
noise-free-sound-0419_78,11.9901875,/tmp/mini_librispeech/noise/pointsource_noises/noise-free-sound-0419.wav,wav,
noise-free-sound-0380_79,0.144,/tmp/mini_librispeech/noise/pointsource_noises/noise-free-sound-0380.wav,wav,
noise-free-sound-0394_80,23.72,/tmp/mini_librispeech/noise/pointsource_noises/noise-free-sound-0394.wav,wav,
noise-free-sound-0141_81,135.0720625,/tmp/mini_librispeech/noise/pointsource_noises/noise-free-sound-0141.wav,wav,
noise-free-sound-0627_82,0.3135,/tmp/mini_librispeech/noise/pointsource_noises/noise-free-sound-0627.wav,wav,
noise-free-sound-0633_83,18.272625,/tmp/mini_librispeech/noise/pointsource_noises/noise-free-sound-0633.wav,wav,
noise-free-sound-0155_84,72.6613125,/tmp/mini_librispeech/noise/pointsource_noises/noise-free-sound-0155.wav,wav,
noise-free-sound-0169_85,2.304,/tmp/mini_librispeech/noise/pointsource_noises/noise-free-sound-0169.wav,wav,
noise-free-sound-0182_86,2.25225,/tmp/mini_librispeech/noise/pointsource_noises/noise-free-sound-0182.wav,wav,
noise-free-sound-0828_87,60.081625,/tmp/mini_librispeech/noise/pointsource_noises/noise-free-sound-0828.wav,wav,
noise-free-sound-0196_88,3.628625,/tmp/mini_librispeech/noise/pointsource_noises/noise-free-sound-0196.wav,wav,
noise-free-sound-0800_89,9.6,/tmp/mini_librispeech/noise/pointsource_noises/noise-free-sound-0800.wav,wav,
noise-free-sound-0814_90,15.661625,/tmp/mini_librispeech/noise/pointsource_noises/noise-free-sound-0814.wav,wav,
noise-free-sound-0815_91,2.4718125,/tmp/mini_librispeech/noise/pointsource_noises/noise-free-sound-0815.wav,wav,
noise-free-sound-0801_92,6.01075,/tmp/mini_librispeech/noise/pointsource_noises/noise-free-sound-0801.wav,wav,
noise-free-sound-0829_93,6.7504375,/tmp/mini_librispeech/noise/pointsource_noises/noise-free-sound-0829.wav,wav,
noise-free-sound-0197_94,10.5939375,/tmp/mini_librispeech/noise/pointsource_noises/noise-free-sound-0197.wav,wav,
noise-free-sound-0183_95,8.0914375,/tmp/mini_librispeech/noise/pointsource_noises/noise-free-sound-0183.wav,wav,
noise-free-sound-0168_96,1.344,/tmp/mini_librispeech/noise/pointsource_noises/noise-free-sound-0168.wav,wav,
noise-free-sound-0632_97,2.568,/tmp/mini_librispeech/noise/pointsource_noises/noise-free-sound-0632.wav,wav,
noise-free-sound-0154_98,62.464,/tmp/mini_librispeech/noise/pointsource_noises/noise-free-sound-0154.wav,wav,
noise-free-sound-0140_99,24.77475,/tmp/mini_librispeech/noise/pointsource_noises/noise-free-sound-0140.wav,wav,
noise-free-sound-0626_100,1.3235625,/tmp/mini_librispeech/noise/pointsource_noises/noise-free-sound-0626.wav,wav,
noise-free-sound-0395_101,7.73225,/tmp/mini_librispeech/noise/pointsource_noises/noise-free-sound-0395.wav,wav,
noise-free-sound-0381_102,44.2775625,/tmp/mini_librispeech/noise/pointsource_noises/noise-free-sound-0381.wav,wav,
noise-free-sound-0418_103,40.99575,/tmp/mini_librispeech/noise/pointsource_noises/noise-free-sound-0418.wav,wav,
noise-free-sound-0356_104,24.96,/tmp/mini_librispeech/noise/pointsource_noises/noise-free-sound-0356.wav,wav,
noise-free-sound-0430_105,67.2,/tmp/mini_librispeech/noise/pointsource_noises/noise-free-sound-0430.wav,wav,
noise-free-sound-0424_106,16.666125,/tmp/mini_librispeech/noise/pointsource_noises/noise-free-sound-0424.wav,wav,
noise-free-sound-0342_107,13.806,/tmp/mini_librispeech/noise/pointsource_noises/noise-free-sound-0342.wav,wav,
noise-free-sound-0587_108,6.1226875,/tmp/mini_librispeech/noise/pointsource_noises/noise-free-sound-0587.wav,wav,
noise-free-sound-0593_109,61.649,/tmp/mini_librispeech/noise/pointsource_noises/noise-free-sound-0593.wav,wav,
noise-free-sound-0578_110,19.35675,/tmp/mini_librispeech/noise/pointsource_noises/noise-free-sound-0578.wav,wav,
noise-free-sound-0222_111,1.2095625,/tmp/mini_librispeech/noise/pointsource_noises/noise-free-sound-0222.wav,wav,
noise-free-sound-0544_112,107.064,/tmp/mini_librispeech/noise/pointsource_noises/noise-free-sound-0544.wav,wav,
noise-free-sound-0550_113,6.373875,/tmp/mini_librispeech/noise/pointsource_noises/noise-free-sound-0550.wav,wav,
noise-free-sound-0236_114,5.5640625,/tmp/mini_librispeech/noise/pointsource_noises/noise-free-sound-0236.wav,wav,
noise-free-sound-0785_115,26.919875,/tmp/mini_librispeech/noise/pointsource_noises/noise-free-sound-0785.wav,wav,
noise-free-sound-0791_116,9.0,/tmp/mini_librispeech/noise/pointsource_noises/noise-free-sound-0791.wav,wav,
noise-free-sound-0008_117,20.8050625,/tmp/mini_librispeech/noise/pointsource_noises/noise-free-sound-0008.wav,wav,
noise-free-sound-0746_118,0.227,/tmp/mini_librispeech/noise/pointsource_noises/noise-free-sound-0746.wav,wav,
noise-free-sound-0020_119,60.18575,/tmp/mini_librispeech/noise/pointsource_noises/noise-free-sound-0020.wav,wav,
noise-free-sound-0034_120,20.689,/tmp/mini_librispeech/noise/pointsource_noises/noise-free-sound-0034.wav,wav,
noise-free-sound-0752_121,33.6083125,/tmp/mini_librispeech/noise/pointsource_noises/noise-free-sound-0752.wav,wav,
noise-free-sound-0018_122,14.5763125,/tmp/mini_librispeech/noise/pointsource_noises/noise-free-sound-0018.wav,wav,
noise-free-sound-0756_123,4.15875,/tmp/mini_librispeech/noise/pointsource_noises/noise-free-sound-0756.wav,wav,
noise-free-sound-0030_124,73.01225,/tmp/mini_librispeech/noise/pointsource_noises/noise-free-sound-0030.wav,wav,
noise-free-sound-0024_125,19.7790625,/tmp/mini_librispeech/noise/pointsource_noises/noise-free-sound-0024.wav,wav,
noise-free-sound-0742_126,22.5436875,/tmp/mini_librispeech/noise/pointsource_noises/noise-free-sound-0742.wav,wav,
noise-free-sound-0795_127,45.814125,/tmp/mini_librispeech/noise/pointsource_noises/noise-free-sound-0795.wav,wav,
noise-free-sound-0781_128,60.7200625,/tmp/mini_librispeech/noise/pointsource_noises/noise-free-sound-0781.wav,wav,
noise-free-sound-0568_129,113.6384375,/tmp/mini_librispeech/noise/pointsource_noises/noise-free-sound-0568.wav,wav,
noise-free-sound-0232_130,44.2890625,/tmp/mini_librispeech/noise/pointsource_noises/noise-free-sound-0232.wav,wav,
noise-free-sound-0554_131,0.7836875,/tmp/mini_librispeech/noise/pointsource_noises/noise-free-sound-0554.wav,wav,
noise-free-sound-0540_132,3.0040625,/tmp/mini_librispeech/noise/pointsource_noises/noise-free-sound-0540.wav,wav,
noise-free-sound-0226_133,26.1973125,/tmp/mini_librispeech/noise/pointsource_noises/noise-free-sound-0226.wav,wav,
noise-free-sound-0597_134,6.24325,/tmp/mini_librispeech/noise/pointsource_noises/noise-free-sound-0597.wav,wav,
noise-free-sound-0583_135,2.04375,/tmp/mini_librispeech/noise/pointsource_noises/noise-free-sound-0583.wav,wav,
noise-free-sound-0408_136,15.0,/tmp/mini_librispeech/noise/pointsource_noises/noise-free-sound-0408.wav,wav,
noise-free-sound-0346_137,18.5469375,/tmp/mini_librispeech/noise/pointsource_noises/noise-free-sound-0346.wav,wav,
noise-free-sound-0420_138,0.8214375,/tmp/mini_librispeech/noise/pointsource_noises/noise-free-sound-0420.wav,wav,
noise-free-sound-0434_139,21.528,/tmp/mini_librispeech/noise/pointsource_noises/noise-free-sound-0434.wav,wav,
noise-free-sound-0352_140,10.0,/tmp/mini_librispeech/noise/pointsource_noises/noise-free-sound-0352.wav,wav,
noise-free-sound-0385_141,8.408375,/tmp/mini_librispeech/noise/pointsource_noises/noise-free-sound-0385.wav,wav,
noise-free-sound-0391_142,23.391,/tmp/mini_librispeech/noise/pointsource_noises/noise-free-sound-0391.wav,wav,
noise-free-sound-0178_143,4.884625,/tmp/mini_librispeech/noise/pointsource_noises/noise-free-sound-0178.wav,wav,
noise-free-sound-0622_144,11.9901875,/tmp/mini_librispeech/noise/pointsource_noises/noise-free-sound-0622.wav,wav,
noise-free-sound-0144_145,25.54775,/tmp/mini_librispeech/noise/pointsource_noises/noise-free-sound-0144.wav,wav,
noise-free-sound-0150_146,0.4504375,/tmp/mini_librispeech/noise/pointsource_noises/noise-free-sound-0150.wav,wav,
noise-free-sound-0636_147,31.3991875,/tmp/mini_librispeech/noise/pointsource_noises/noise-free-sound-0636.wav,wav,
noise-free-sound-0805_148,15.16,/tmp/mini_librispeech/noise/pointsource_noises/noise-free-sound-0805.wav,wav,
noise-free-sound-0811_149,7.9760625,/tmp/mini_librispeech/noise/pointsource_noises/noise-free-sound-0811.wav,wav,
noise-free-sound-0839_150,2.1420625,/tmp/mini_librispeech/noise/pointsource_noises/noise-free-sound-0839.wav,wav,
noise-free-sound-0187_151,6.4230625,/tmp/mini_librispeech/noise/pointsource_noises/noise-free-sound-0187.wav,wav,
noise-free-sound-0193_152,4.004,/tmp/mini_librispeech/noise/pointsource_noises/noise-free-sound-0193.wav,wav,
noise-free-sound-0192_153,6.6733125,/tmp/mini_librispeech/noise/pointsource_noises/noise-free-sound-0192.wav,wav,
noise-free-sound-0838_154,1.0029375,/tmp/mini_librispeech/noise/pointsource_noises/noise-free-sound-0838.wav,wav,
noise-free-sound-0186_155,2.8361875,/tmp/mini_librispeech/noise/pointsource_noises/noise-free-sound-0186.wav,wav,
noise-free-sound-0810_156,4.008375,/tmp/mini_librispeech/noise/pointsource_noises/noise-free-sound-0810.wav,wav,
noise-free-sound-0804_157,59.6985,/tmp/mini_librispeech/noise/pointsource_noises/noise-free-sound-0804.wav,wav,
noise-free-sound-0151_158,53.76,/tmp/mini_librispeech/noise/pointsource_noises/noise-free-sound-0151.wav,wav,
noise-free-sound-0637_159,14.6841875,/tmp/mini_librispeech/noise/pointsource_noises/noise-free-sound-0637.wav,wav,
noise-free-sound-0623_160,34.9518125,/tmp/mini_librispeech/noise/pointsource_noises/noise-free-sound-0623.wav,wav,
noise-free-sound-0145_161,2.9121875,/tmp/mini_librispeech/noise/pointsource_noises/noise-free-sound-0145.wav,wav,
noise-free-sound-0179_162,2.813,/tmp/mini_librispeech/noise/pointsource_noises/noise-free-sound-0179.wav,wav,
noise-free-sound-0390_163,15.7635,/tmp/mini_librispeech/noise/pointsource_noises/noise-free-sound-0390.wav,wav,
noise-free-sound-0384_164,178.211375,/tmp/mini_librispeech/noise/pointsource_noises/noise-free-sound-0384.wav,wav,
noise-free-sound-0435_165,5.27675,/tmp/mini_librispeech/noise/pointsource_noises/noise-free-sound-0435.wav,wav,
noise-free-sound-0353_166,26.0963125,/tmp/mini_librispeech/noise/pointsource_noises/noise-free-sound-0353.wav,wav,
noise-free-sound-0347_167,13.7801875,/tmp/mini_librispeech/noise/pointsource_noises/noise-free-sound-0347.wav,wav,
noise-free-sound-0421_168,3.3698125,/tmp/mini_librispeech/noise/pointsource_noises/noise-free-sound-0421.wav,wav,
noise-free-sound-0409_169,8.6186875,/tmp/mini_librispeech/noise/pointsource_noises/noise-free-sound-0409.wav,wav,
noise-free-sound-0582_170,1.4744375,/tmp/mini_librispeech/noise/pointsource_noises/noise-free-sound-0582.wav,wav,
noise-free-sound-0596_171,13.33925,/tmp/mini_librispeech/noise/pointsource_noises/noise-free-sound-0596.wav,wav,
noise-free-sound-0541_172,16.37875,/tmp/mini_librispeech/noise/pointsource_noises/noise-free-sound-0541.wav,wav,
noise-free-sound-0227_173,31.1654375,/tmp/mini_librispeech/noise/pointsource_noises/noise-free-sound-0227.wav,wav,
noise-free-sound-0233_174,44.3495,/tmp/mini_librispeech/noise/pointsource_noises/noise-free-sound-0233.wav,wav,
noise-free-sound-0555_175,21.577125,/tmp/mini_librispeech/noise/pointsource_noises/noise-free-sound-0555.wav,wav,
noise-free-sound-0569_176,3.84,/tmp/mini_librispeech/noise/pointsource_noises/noise-free-sound-0569.wav,wav,
noise-free-sound-0780_177,30.2759375,/tmp/mini_librispeech/noise/pointsource_noises/noise-free-sound-0780.wav,wav,
noise-free-sound-0794_178,4.434125,/tmp/mini_librispeech/noise/pointsource_noises/noise-free-sound-0794.wav,wav,
noise-free-sound-0025_179,2.3466875,/tmp/mini_librispeech/noise/pointsource_noises/noise-free-sound-0025.wav,wav,
noise-free-sound-0743_180,43.9640625,/tmp/mini_librispeech/noise/pointsource_noises/noise-free-sound-0743.wav,wav,
noise-free-sound-0757_181,13.7665,/tmp/mini_librispeech/noise/pointsource_noises/noise-free-sound-0757.wav,wav,
noise-free-sound-0031_182,35.4743125,/tmp/mini_librispeech/noise/pointsource_noises/noise-free-sound-0031.wav,wav,
noise-free-sound-0019_183,11.55775,/tmp/mini_librispeech/noise/pointsource_noises/noise-free-sound-0019.wav,wav,
noise-free-sound-0769_184,25.761625,/tmp/mini_librispeech/noise/pointsource_noises/noise-free-sound-0769.wav,wav,
noise-free-sound-0741_185,18.696,/tmp/mini_librispeech/noise/pointsource_noises/noise-free-sound-0741.wav,wav,
noise-free-sound-0027_186,23.04,/tmp/mini_librispeech/noise/pointsource_noises/noise-free-sound-0027.wav,wav,
noise-free-sound-0033_187,5.5263125,/tmp/mini_librispeech/noise/pointsource_noises/noise-free-sound-0033.wav,wav,
noise-free-sound-0755_188,14.4195625,/tmp/mini_librispeech/noise/pointsource_noises/noise-free-sound-0755.wav,wav,
noise-free-sound-0782_189,9.8986875,/tmp/mini_librispeech/noise/pointsource_noises/noise-free-sound-0782.wav,wav,
noise-free-sound-0796_190,10.24,/tmp/mini_librispeech/noise/pointsource_noises/noise-free-sound-0796.wav,wav,
noise-free-sound-0219_191,6.5899375,/tmp/mini_librispeech/noise/pointsource_noises/noise-free-sound-0219.wav,wav,
noise-free-sound-0225_192,12.452,/tmp/mini_librispeech/noise/pointsource_noises/noise-free-sound-0225.wav,wav,
noise-free-sound-0543_193,4.356,/tmp/mini_librispeech/noise/pointsource_noises/noise-free-sound-0543.wav,wav,
noise-free-sound-0557_194,9.11675,/tmp/mini_librispeech/noise/pointsource_noises/noise-free-sound-0557.wav,wav,
noise-free-sound-0231_195,22.33075,/tmp/mini_librispeech/noise/pointsource_noises/noise-free-sound-0231.wav,wav,
noise-free-sound-0580_196,135.68,/tmp/mini_librispeech/noise/pointsource_noises/noise-free-sound-0580.wav,wav,
noise-free-sound-0594_197,141.1773125,/tmp/mini_librispeech/noise/pointsource_noises/noise-free-sound-0594.wav,wav,
noise-free-sound-0379_198,6.9893125,/tmp/mini_librispeech/noise/pointsource_noises/noise-free-sound-0379.wav,wav,
noise-free-sound-0351_199,4.968,/tmp/mini_librispeech/noise/pointsource_noises/noise-free-sound-0351.wav,wav,
noise-free-sound-0437_200,1.19,/tmp/mini_librispeech/noise/pointsource_noises/noise-free-sound-0437.wav,wav,
noise-free-sound-0423_201,12.25,/tmp/mini_librispeech/noise/pointsource_noises/noise-free-sound-0423.wav,wav,
noise-free-sound-0345_202,5.9024375,/tmp/mini_librispeech/noise/pointsource_noises/noise-free-sound-0345.wav,wav,
noise-free-sound-0392_203,13.221,/tmp/mini_librispeech/noise/pointsource_noises/noise-free-sound-0392.wav,wav,
noise-free-sound-0386_204,26.7350625,/tmp/mini_librispeech/noise/pointsource_noises/noise-free-sound-0386.wav,wav,
noise-free-sound-0609_205,10.161625,/tmp/mini_librispeech/noise/pointsource_noises/noise-free-sound-0609.wav,wav,
noise-free-sound-0635_206,16.876,/tmp/mini_librispeech/noise/pointsource_noises/noise-free-sound-0635.wav,wav,
noise-free-sound-0153_207,72.1493125,/tmp/mini_librispeech/noise/pointsource_noises/noise-free-sound-0153.wav,wav,
noise-free-sound-0147_208,8.6333125,/tmp/mini_librispeech/noise/pointsource_noises/noise-free-sound-0147.wav,wav,
noise-free-sound-0621_209,6.724375,/tmp/mini_librispeech/noise/pointsource_noises/noise-free-sound-0621.wav,wav,
noise-free-sound-0812_210,12.198,/tmp/mini_librispeech/noise/pointsource_noises/noise-free-sound-0812.wav,wav,
noise-free-sound-0806_211,11.78125,/tmp/mini_librispeech/noise/pointsource_noises/noise-free-sound-0806.wav,wav,
noise-free-sound-0190_212,6.131125,/tmp/mini_librispeech/noise/pointsource_noises/noise-free-sound-0190.wav,wav,
noise-free-sound-0184_213,32.407375,/tmp/mini_librispeech/noise/pointsource_noises/noise-free-sound-0184.wav,wav,
noise-free-sound-0185_214,2.6693125,/tmp/mini_librispeech/noise/pointsource_noises/noise-free-sound-0185.wav,wav,
noise-free-sound-0191_215,3.9623125,/tmp/mini_librispeech/noise/pointsource_noises/noise-free-sound-0191.wav,wav,
noise-free-sound-0807_216,4.10125,/tmp/mini_librispeech/noise/pointsource_noises/noise-free-sound-0807.wav,wav,
noise-free-sound-0813_217,78.8018125,/tmp/mini_librispeech/noise/pointsource_noises/noise-free-sound-0813.wav,wav,
noise-free-sound-0146_218,2.0775,/tmp/mini_librispeech/noise/pointsource_noises/noise-free-sound-0146.wav,wav,
noise-free-sound-0620_219,11.5664375,/tmp/mini_librispeech/noise/pointsource_noises/noise-free-sound-0620.wav,wav,
noise-free-sound-0634_220,64.0,/tmp/mini_librispeech/noise/pointsource_noises/noise-free-sound-0634.wav,wav,
noise-free-sound-0152_221,97.156,/tmp/mini_librispeech/noise/pointsource_noises/noise-free-sound-0152.wav,wav,
noise-free-sound-0608_222,3.5265,/tmp/mini_librispeech/noise/pointsource_noises/noise-free-sound-0608.wav,wav,
noise-free-sound-0387_223,5.96025,/tmp/mini_librispeech/noise/pointsource_noises/noise-free-sound-0387.wav,wav,
noise-free-sound-0393_224,5.5379375,/tmp/mini_librispeech/noise/pointsource_noises/noise-free-sound-0393.wav,wav,
noise-free-sound-0422_225,9.1626875,/tmp/mini_librispeech/noise/pointsource_noises/noise-free-sound-0422.wav,wav,
noise-free-sound-0344_226,20.544,/tmp/mini_librispeech/noise/pointsource_noises/noise-free-sound-0344.wav,wav,
noise-free-sound-0350_227,9.0,/tmp/mini_librispeech/noise/pointsource_noises/noise-free-sound-0350.wav,wav,
noise-free-sound-0436_228,51.2120625,/tmp/mini_librispeech/noise/pointsource_noises/noise-free-sound-0436.wav,wav,
noise-free-sound-0378_229,22.2824375,/tmp/mini_librispeech/noise/pointsource_noises/noise-free-sound-0378.wav,wav,
noise-free-sound-0595_230,26.898625,/tmp/mini_librispeech/noise/pointsource_noises/noise-free-sound-0595.wav,wav,
noise-free-sound-0581_231,51.4863125,/tmp/mini_librispeech/noise/pointsource_noises/noise-free-sound-0581.wav,wav,
noise-free-sound-0556_232,19.9053125,/tmp/mini_librispeech/noise/pointsource_noises/noise-free-sound-0556.wav,wav,
noise-free-sound-0230_233,41.592,/tmp/mini_librispeech/noise/pointsource_noises/noise-free-sound-0230.wav,wav,
noise-free-sound-0224_234,12.8044375,/tmp/mini_librispeech/noise/pointsource_noises/noise-free-sound-0224.wav,wav,
noise-free-sound-0542_235,8.224,/tmp/mini_librispeech/noise/pointsource_noises/noise-free-sound-0542.wav,wav,
noise-free-sound-0218_236,6.131125,/tmp/mini_librispeech/noise/pointsource_noises/noise-free-sound-0218.wav,wav,
noise-free-sound-0797_237,16.384,/tmp/mini_librispeech/noise/pointsource_noises/noise-free-sound-0797.wav,wav,
noise-free-sound-0783_238,8.614625,/tmp/mini_librispeech/noise/pointsource_noises/noise-free-sound-0783.wav,wav,
noise-free-sound-0032_239,61.42,/tmp/mini_librispeech/noise/pointsource_noises/noise-free-sound-0032.wav,wav,
noise-free-sound-0754_240,80.72325,/tmp/mini_librispeech/noise/pointsource_noises/noise-free-sound-0754.wav,wav,
noise-free-sound-0740_241,64.0714375,/tmp/mini_librispeech/noise/pointsource_noises/noise-free-sound-0740.wav,wav,
noise-free-sound-0026_242,3.7973125,/tmp/mini_librispeech/noise/pointsource_noises/noise-free-sound-0026.wav,wav,
noise-free-sound-0768_243,0.4229375,/tmp/mini_librispeech/noise/pointsource_noises/noise-free-sound-0768.wav,wav,
noise-free-sound-0727_244,29.022,/tmp/mini_librispeech/noise/pointsource_noises/noise-free-sound-0727.wav,wav,
noise-free-sound-0041_245,57.782875,/tmp/mini_librispeech/noise/pointsource_noises/noise-free-sound-0041.wav,wav,
noise-free-sound-0055_246,40.09775,/tmp/mini_librispeech/noise/pointsource_noises/noise-free-sound-0055.wav,wav,
noise-free-sound-0733_247,31.94775,/tmp/mini_librispeech/noise/pointsource_noises/noise-free-sound-0733.wav,wav,
noise-free-sound-0069_248,2.5714375,/tmp/mini_librispeech/noise/pointsource_noises/noise-free-sound-0069.wav,wav,
noise-free-sound-0082_249,20.20375,/tmp/mini_librispeech/noise/pointsource_noises/noise-free-sound-0082.wav,wav,
noise-free-sound-0096_250,7.7841875,/tmp/mini_librispeech/noise/pointsource_noises/noise-free-sound-0096.wav,wav,
noise-free-sound-0243_251,90.0005625,/tmp/mini_librispeech/noise/pointsource_noises/noise-free-sound-0243.wav,wav,
noise-free-sound-0525_252,0.9583125,/tmp/mini_librispeech/noise/pointsource_noises/noise-free-sound-0525.wav,wav,
noise-free-sound-0531_253,46.7388125,/tmp/mini_librispeech/noise/pointsource_noises/noise-free-sound-0531.wav,wav,
noise-free-sound-0257_254,5.0,/tmp/mini_librispeech/noise/pointsource_noises/noise-free-sound-0257.wav,wav,
noise-free-sound-0519_255,33.5935,/tmp/mini_librispeech/noise/pointsource_noises/noise-free-sound-0519.wav,wav,
noise-free-sound-0280_256,62.10325,/tmp/mini_librispeech/noise/pointsource_noises/noise-free-sound-0280.wav,wav,
noise-free-sound-0294_257,6.5875,/tmp/mini_librispeech/noise/pointsource_noises/noise-free-sound-0294.wav,wav,
noise-free-sound-0337_258,1.4255,/tmp/mini_librispeech/noise/pointsource_noises/noise-free-sound-0337.wav,wav,
noise-free-sound-0451_259,44.04,/tmp/mini_librispeech/noise/pointsource_noises/noise-free-sound-0451.wav,wav,
noise-free-sound-0445_260,18.3901875,/tmp/mini_librispeech/noise/pointsource_noises/noise-free-sound-0445.wav,wav,
noise-free-sound-0323_261,10.73175,/tmp/mini_librispeech/noise/pointsource_noises/noise-free-sound-0323.wav,wav,
noise-free-sound-0479_262,3.715625,/tmp/mini_librispeech/noise/pointsource_noises/noise-free-sound-0479.wav,wav,
noise-free-sound-0492_263,20.0,/tmp/mini_librispeech/noise/pointsource_noises/noise-free-sound-0492.wav,wav,
noise-free-sound-0486_264,6.4098125,/tmp/mini_librispeech/noise/pointsource_noises/noise-free-sound-0486.wav,wav,
noise-free-sound-0653_265,29.125,/tmp/mini_librispeech/noise/pointsource_noises/noise-free-sound-0653.wav,wav,
noise-free-sound-0135_266,3.0045625,/tmp/mini_librispeech/noise/pointsource_noises/noise-free-sound-0135.wav,wav,
noise-free-sound-0121_267,44.0,/tmp/mini_librispeech/noise/pointsource_noises/noise-free-sound-0121.wav,wav,
noise-free-sound-0647_268,60.103375,/tmp/mini_librispeech/noise/pointsource_noises/noise-free-sound-0647.wav,wav,
noise-free-sound-0109_269,37.101875,/tmp/mini_librispeech/noise/pointsource_noises/noise-free-sound-0109.wav,wav,
noise-free-sound-0690_270,5.2053125,/tmp/mini_librispeech/noise/pointsource_noises/noise-free-sound-0690.wav,wav,
noise-free-sound-0684_271,139.00625,/tmp/mini_librispeech/noise/pointsource_noises/noise-free-sound-0684.wav,wav,
noise-free-sound-0685_272,43.8785625,/tmp/mini_librispeech/noise/pointsource_noises/noise-free-sound-0685.wav,wav,
noise-free-sound-0691_273,10.0693125,/tmp/mini_librispeech/noise/pointsource_noises/noise-free-sound-0691.wav,wav,
noise-free-sound-0108_274,19.3963125,/tmp/mini_librispeech/noise/pointsource_noises/noise-free-sound-0108.wav,wav,
noise-free-sound-0120_275,18.4344375,/tmp/mini_librispeech/noise/pointsource_noises/noise-free-sound-0120.wav,wav,
noise-free-sound-0646_276,35.813,/tmp/mini_librispeech/noise/pointsource_noises/noise-free-sound-0646.wav,wav,
noise-free-sound-0652_277,5.69925,/tmp/mini_librispeech/noise/pointsource_noises/noise-free-sound-0652.wav,wav,
noise-free-sound-0134_278,2.513375,/tmp/mini_librispeech/noise/pointsource_noises/noise-free-sound-0134.wav,wav,
noise-free-sound-0487_279,1.9301875,/tmp/mini_librispeech/noise/pointsource_noises/noise-free-sound-0487.wav,wav,
noise-free-sound-0493_280,14.02775,/tmp/mini_librispeech/noise/pointsource_noises/noise-free-sound-0493.wav,wav,
noise-free-sound-0478_281,8.5195,/tmp/mini_librispeech/noise/pointsource_noises/noise-free-sound-0478.wav,wav,
noise-free-sound-0444_282,20.2478125,/tmp/mini_librispeech/noise/pointsource_noises/noise-free-sound-0444.wav,wav,
noise-free-sound-0322_283,31.0335,/tmp/mini_librispeech/noise/pointsource_noises/noise-free-sound-0322.wav,wav,
noise-free-sound-0336_284,48.08275,/tmp/mini_librispeech/noise/pointsource_noises/noise-free-sound-0336.wav,wav,
noise-free-sound-0450_285,16.1713125,/tmp/mini_librispeech/noise/pointsource_noises/noise-free-sound-0450.wav,wav,
noise-free-sound-0295_286,6.8963125,/tmp/mini_librispeech/noise/pointsource_noises/noise-free-sound-0295.wav,wav,
noise-free-sound-0281_287,0.1,/tmp/mini_librispeech/noise/pointsource_noises/noise-free-sound-0281.wav,wav,
noise-free-sound-0518_288,18.7820625,/tmp/mini_librispeech/noise/pointsource_noises/noise-free-sound-0518.wav,wav,
noise-free-sound-0530_289,7.7573125,/tmp/mini_librispeech/noise/pointsource_noises/noise-free-sound-0530.wav,wav,
noise-free-sound-0256_290,37.5069375,/tmp/mini_librispeech/noise/pointsource_noises/noise-free-sound-0256.wav,wav,
noise-free-sound-0242_291,23.0038125,/tmp/mini_librispeech/noise/pointsource_noises/noise-free-sound-0242.wav,wav,
noise-free-sound-0524_292,22.6495,/tmp/mini_librispeech/noise/pointsource_noises/noise-free-sound-0524.wav,wav,
noise-free-sound-0097_293,2.7369375,/tmp/mini_librispeech/noise/pointsource_noises/noise-free-sound-0097.wav,wav,
noise-free-sound-0083_294,0.59125,/tmp/mini_librispeech/noise/pointsource_noises/noise-free-sound-0083.wav,wav,
noise-free-sound-0068_295,20.075,/tmp/mini_librispeech/noise/pointsource_noises/noise-free-sound-0068.wav,wav,
noise-free-sound-0054_296,10.053375,/tmp/mini_librispeech/noise/pointsource_noises/noise-free-sound-0054.wav,wav,
noise-free-sound-0732_297,31.73875,/tmp/mini_librispeech/noise/pointsource_noises/noise-free-sound-0732.wav,wav,
noise-free-sound-0726_298,120.0138125,/tmp/mini_librispeech/noise/pointsource_noises/noise-free-sound-0726.wav,wav,
noise-free-sound-0040_299,16.73,/tmp/mini_librispeech/noise/pointsource_noises/noise-free-sound-0040.wav,wav,
noise-free-sound-0730_300,1.489,/tmp/mini_librispeech/noise/pointsource_noises/noise-free-sound-0730.wav,wav,
noise-free-sound-0056_301,9.74275,/tmp/mini_librispeech/noise/pointsource_noises/noise-free-sound-0056.wav,wav,
noise-free-sound-0042_302,319.5559375,/tmp/mini_librispeech/noise/pointsource_noises/noise-free-sound-0042.wav,wav,
noise-free-sound-0724_303,0.9109375,/tmp/mini_librispeech/noise/pointsource_noises/noise-free-sound-0724.wav,wav,
noise-free-sound-0718_304,13.035125,/tmp/mini_librispeech/noise/pointsource_noises/noise-free-sound-0718.wav,wav,
noise-free-sound-0095_305,4.068375,/tmp/mini_librispeech/noise/pointsource_noises/noise-free-sound-0095.wav,wav,
noise-free-sound-0081_306,21.5824375,/tmp/mini_librispeech/noise/pointsource_noises/noise-free-sound-0081.wav,wav,
noise-free-sound-0254_307,64.142125,/tmp/mini_librispeech/noise/pointsource_noises/noise-free-sound-0254.wav,wav,
noise-free-sound-0532_308,6.0,/tmp/mini_librispeech/noise/pointsource_noises/noise-free-sound-0532.wav,wav,
noise-free-sound-0526_309,1.4186875,/tmp/mini_librispeech/noise/pointsource_noises/noise-free-sound-0526.wav,wav,
noise-free-sound-0240_310,26.2261875,/tmp/mini_librispeech/noise/pointsource_noises/noise-free-sound-0240.wav,wav,
noise-free-sound-0268_311,22.710875,/tmp/mini_librispeech/noise/pointsource_noises/noise-free-sound-0268.wav,wav,
noise-free-sound-0297_312,1.799,/tmp/mini_librispeech/noise/pointsource_noises/noise-free-sound-0297.wav,wav,
noise-free-sound-0283_313,22.9636875,/tmp/mini_librispeech/noise/pointsource_noises/noise-free-sound-0283.wav,wav,
noise-free-sound-0320_314,6.7395625,/tmp/mini_librispeech/noise/pointsource_noises/noise-free-sound-0320.wav,wav,
noise-free-sound-0446_315,31.416,/tmp/mini_librispeech/noise/pointsource_noises/noise-free-sound-0446.wav,wav,
noise-free-sound-0452_316,17.8445625,/tmp/mini_librispeech/noise/pointsource_noises/noise-free-sound-0452.wav,wav,
noise-free-sound-0334_317,178.1493125,/tmp/mini_librispeech/noise/pointsource_noises/noise-free-sound-0334.wav,wav,
noise-free-sound-0308_318,58.28175,/tmp/mini_librispeech/noise/pointsource_noises/noise-free-sound-0308.wav,wav,
noise-free-sound-0485_319,10.8930625,/tmp/mini_librispeech/noise/pointsource_noises/noise-free-sound-0485.wav,wav,
noise-free-sound-0491_320,1.544125,/tmp/mini_librispeech/noise/pointsource_noises/noise-free-sound-0491.wav,wav,
noise-free-sound-0644_321,94.5981875,/tmp/mini_librispeech/noise/pointsource_noises/noise-free-sound-0644.wav,wav,
noise-free-sound-0122_322,8.0,/tmp/mini_librispeech/noise/pointsource_noises/noise-free-sound-0122.wav,wav,
noise-free-sound-0136_323,0.625,/tmp/mini_librispeech/noise/pointsource_noises/noise-free-sound-0136.wav,wav,
noise-free-sound-0650_324,16.236,/tmp/mini_librispeech/noise/pointsource_noises/noise-free-sound-0650.wav,wav,
noise-free-sound-0678_325,2.0636875,/tmp/mini_librispeech/noise/pointsource_noises/noise-free-sound-0678.wav,wav,
noise-free-sound-0687_326,20.8020625,/tmp/mini_librispeech/noise/pointsource_noises/noise-free-sound-0687.wav,wav,
noise-free-sound-0693_327,1.410625,/tmp/mini_librispeech/noise/pointsource_noises/noise-free-sound-0693.wav,wav,
noise-free-sound-0692_328,0.927875,/tmp/mini_librispeech/noise/pointsource_noises/noise-free-sound-0692.wav,wav,
noise-free-sound-0686_329,15.6038125,/tmp/mini_librispeech/noise/pointsource_noises/noise-free-sound-0686.wav,wav,
noise-free-sound-0679_330,22.0,/tmp/mini_librispeech/noise/pointsource_noises/noise-free-sound-0679.wav,wav,
noise-free-sound-0137_331,113.25,/tmp/mini_librispeech/noise/pointsource_noises/noise-free-sound-0137.wav,wav,
noise-free-sound-0651_332,65.2095,/tmp/mini_librispeech/noise/pointsource_noises/noise-free-sound-0651.wav,wav,
noise-free-sound-0645_333,1.7240625,/tmp/mini_librispeech/noise/pointsource_noises/noise-free-sound-0645.wav,wav,
noise-free-sound-0123_334,7.5,/tmp/mini_librispeech/noise/pointsource_noises/noise-free-sound-0123.wav,wav,
noise-free-sound-0490_335,12.9799375,/tmp/mini_librispeech/noise/pointsource_noises/noise-free-sound-0490.wav,wav,
noise-free-sound-0484_336,10.6318125,/tmp/mini_librispeech/noise/pointsource_noises/noise-free-sound-0484.wav,wav,
noise-free-sound-0309_337,3.3729375,/tmp/mini_librispeech/noise/pointsource_noises/noise-free-sound-0309.wav,wav,
noise-free-sound-0453_338,0.9404375,/tmp/mini_librispeech/noise/pointsource_noises/noise-free-sound-0453.wav,wav,
noise-free-sound-0335_339,34.0375625,/tmp/mini_librispeech/noise/pointsource_noises/noise-free-sound-0335.wav,wav,
noise-free-sound-0321_340,113.0,/tmp/mini_librispeech/noise/pointsource_noises/noise-free-sound-0321.wav,wav,
noise-free-sound-0447_341,28.5779375,/tmp/mini_librispeech/noise/pointsource_noises/noise-free-sound-0447.wav,wav,
noise-free-sound-0282_342,37.72675,/tmp/mini_librispeech/noise/pointsource_noises/noise-free-sound-0282.wav,wav,
noise-free-sound-0296_343,1.8616875,/tmp/mini_librispeech/noise/pointsource_noises/noise-free-sound-0296.wav,wav,
noise-free-sound-0269_344,49.125125,/tmp/mini_librispeech/noise/pointsource_noises/noise-free-sound-0269.wav,wav,
noise-free-sound-0527_345,9.3093125,/tmp/mini_librispeech/noise/pointsource_noises/noise-free-sound-0527.wav,wav,
noise-free-sound-0241_346,52.6185,/tmp/mini_librispeech/noise/pointsource_noises/noise-free-sound-0241.wav,wav,
noise-free-sound-0255_347,5.5375,/tmp/mini_librispeech/noise/pointsource_noises/noise-free-sound-0255.wav,wav,
noise-free-sound-0533_348,37.91875,/tmp/mini_librispeech/noise/pointsource_noises/noise-free-sound-0533.wav,wav,
noise-free-sound-0080_349,30.374625,/tmp/mini_librispeech/noise/pointsource_noises/noise-free-sound-0080.wav,wav,
noise-free-sound-0094_350,5.5898125,/tmp/mini_librispeech/noise/pointsource_noises/noise-free-sound-0094.wav,wav,
noise-free-sound-0719_351,7.0008125,/tmp/mini_librispeech/noise/pointsource_noises/noise-free-sound-0719.wav,wav,
noise-free-sound-0043_352,1.5325,/tmp/mini_librispeech/noise/pointsource_noises/noise-free-sound-0043.wav,wav,
noise-free-sound-0725_353,33.2295625,/tmp/mini_librispeech/noise/pointsource_noises/noise-free-sound-0725.wav,wav,
noise-free-sound-0731_354,1.43675,/tmp/mini_librispeech/noise/pointsource_noises/noise-free-sound-0731.wav,wav,
noise-free-sound-0057_355,8.1304375,/tmp/mini_librispeech/noise/pointsource_noises/noise-free-sound-0057.wav,wav,
noise-free-sound-0709_356,31.85775,/tmp/mini_librispeech/noise/pointsource_noises/noise-free-sound-0709.wav,wav,
noise-free-sound-0053_357,5.2719375,/tmp/mini_librispeech/noise/pointsource_noises/noise-free-sound-0053.wav,wav,
noise-free-sound-0735_358,21.81225,/tmp/mini_librispeech/noise/pointsource_noises/noise-free-sound-0735.wav,wav,
noise-free-sound-0721_359,9.03,/tmp/mini_librispeech/noise/pointsource_noises/noise-free-sound-0721.wav,wav,
noise-free-sound-0047_360,5.2966875,/tmp/mini_librispeech/noise/pointsource_noises/noise-free-sound-0047.wav,wav,
noise-free-sound-0090_361,5.8441875,/tmp/mini_librispeech/noise/pointsource_noises/noise-free-sound-0090.wav,wav,
noise-free-sound-0084_362,19.4194375,/tmp/mini_librispeech/noise/pointsource_noises/noise-free-sound-0084.wav,wav,
noise-free-sound-0279_363,17.3333125,/tmp/mini_librispeech/noise/pointsource_noises/noise-free-sound-0279.wav,wav,
noise-free-sound-0537_364,12.1733125,/tmp/mini_librispeech/noise/pointsource_noises/noise-free-sound-0537.wav,wav,
noise-free-sound-0251_365,31.973875,/tmp/mini_librispeech/noise/pointsource_noises/noise-free-sound-0251.wav,wav,
noise-free-sound-0245_366,29.562875,/tmp/mini_librispeech/noise/pointsource_noises/noise-free-sound-0245.wav,wav,
noise-free-sound-0523_367,8.424,/tmp/mini_librispeech/noise/pointsource_noises/noise-free-sound-0523.wav,wav,
noise-free-sound-0292_368,17.97225,/tmp/mini_librispeech/noise/pointsource_noises/noise-free-sound-0292.wav,wav,
noise-free-sound-0286_369,9.5603125,/tmp/mini_librispeech/noise/pointsource_noises/noise-free-sound-0286.wav,wav,
noise-free-sound-0319_370,1.515125,/tmp/mini_librispeech/noise/pointsource_noises/noise-free-sound-0319.wav,wav,
noise-free-sound-0443_371,42.24,/tmp/mini_librispeech/noise/pointsource_noises/noise-free-sound-0443.wav,wav,
noise-free-sound-0325_372,1.6456875,/tmp/mini_librispeech/noise/pointsource_noises/noise-free-sound-0325.wav,wav,
noise-free-sound-0331_373,6.375,/tmp/mini_librispeech/noise/pointsource_noises/noise-free-sound-0331.wav,wav,
noise-free-sound-0457_374,44.3666875,/tmp/mini_librispeech/noise/pointsource_noises/noise-free-sound-0457.wav,wav,
noise-free-sound-0480_375,35.2898125,/tmp/mini_librispeech/noise/pointsource_noises/noise-free-sound-0480.wav,wav,
noise-free-sound-0494_376,56.05875,/tmp/mini_librispeech/noise/pointsource_noises/noise-free-sound-0494.wav,wav,
noise-free-sound-0669_377,4.022875,/tmp/mini_librispeech/noise/pointsource_noises/noise-free-sound-0669.wav,wav,
noise-free-sound-0127_378,2.448,/tmp/mini_librispeech/noise/pointsource_noises/noise-free-sound-0127.wav,wav,
noise-free-sound-0641_379,35.1346875,/tmp/mini_librispeech/noise/pointsource_noises/noise-free-sound-0641.wav,wav,
noise-free-sound-0655_380,21.34,/tmp/mini_librispeech/noise/pointsource_noises/noise-free-sound-0655.wav,wav,
noise-free-sound-0133_381,0.5209375,/tmp/mini_librispeech/noise/pointsource_noises/noise-free-sound-0133.wav,wav,
noise-free-sound-0682_382,18.18125,/tmp/mini_librispeech/noise/pointsource_noises/noise-free-sound-0682.wav,wav,
noise-free-sound-0696_383,29.570625,/tmp/mini_librispeech/noise/pointsource_noises/noise-free-sound-0696.wav,wav,
noise-free-sound-0697_384,6.112625,/tmp/mini_librispeech/noise/pointsource_noises/noise-free-sound-0697.wav,wav,
noise-free-sound-0683_385,27.616,/tmp/mini_librispeech/noise/pointsource_noises/noise-free-sound-0683.wav,wav,
noise-free-sound-0654_386,5.9820625,/tmp/mini_librispeech/noise/pointsource_noises/noise-free-sound-0654.wav,wav,
noise-free-sound-0132_387,0.7158125,/tmp/mini_librispeech/noise/pointsource_noises/noise-free-sound-0132.wav,wav,
noise-free-sound-0126_388,19.7823125,/tmp/mini_librispeech/noise/pointsource_noises/noise-free-sound-0126.wav,wav,
noise-free-sound-0640_389,32.7836875,/tmp/mini_librispeech/noise/pointsource_noises/noise-free-sound-0640.wav,wav,
noise-free-sound-0668_390,4.022875,/tmp/mini_librispeech/noise/pointsource_noises/noise-free-sound-0668.wav,wav,
noise-free-sound-0495_391,18.2066875,/tmp/mini_librispeech/noise/pointsource_noises/noise-free-sound-0495.wav,wav,
noise-free-sound-0481_392,7.907875,/tmp/mini_librispeech/noise/pointsource_noises/noise-free-sound-0481.wav,wav,
noise-free-sound-0330_393,8.4288125,/tmp/mini_librispeech/noise/pointsource_noises/noise-free-sound-0330.wav,wav,
noise-free-sound-0456_394,28.96325,/tmp/mini_librispeech/noise/pointsource_noises/noise-free-sound-0456.wav,wav,
noise-free-sound-0442_395,76.0721875,/tmp/mini_librispeech/noise/pointsource_noises/noise-free-sound-0442.wav,wav,
noise-free-sound-0324_396,36.2056875,/tmp/mini_librispeech/noise/pointsource_noises/noise-free-sound-0324.wav,wav,
noise-free-sound-0318_397,0.40925,/tmp/mini_librispeech/noise/pointsource_noises/noise-free-sound-0318.wav,wav,
noise-free-sound-0287_398,60.6563125,/tmp/mini_librispeech/noise/pointsource_noises/noise-free-sound-0287.wav,wav,
noise-free-sound-0293_399,43.0381875,/tmp/mini_librispeech/noise/pointsource_noises/noise-free-sound-0293.wav,wav,
noise-free-sound-0244_400,118.8401875,/tmp/mini_librispeech/noise/pointsource_noises/noise-free-sound-0244.wav,wav,
noise-free-sound-0522_401,79.2853125,/tmp/mini_librispeech/noise/pointsource_noises/noise-free-sound-0522.wav,wav,
noise-free-sound-0536_402,0.69275,/tmp/mini_librispeech/noise/pointsource_noises/noise-free-sound-0536.wav,wav,
noise-free-sound-0250_403,8.6204375,/tmp/mini_librispeech/noise/pointsource_noises/noise-free-sound-0250.wav,wav,
noise-free-sound-0278_404,37.59825,/tmp/mini_librispeech/noise/pointsource_noises/noise-free-sound-0278.wav,wav,
noise-free-sound-0085_405,4.671375,/tmp/mini_librispeech/noise/pointsource_noises/noise-free-sound-0085.wav,wav,
noise-free-sound-0091_406,5.062125,/tmp/mini_librispeech/noise/pointsource_noises/noise-free-sound-0091.wav,wav,
noise-free-sound-0720_407,10.7363125,/tmp/mini_librispeech/noise/pointsource_noises/noise-free-sound-0720.wav,wav,
noise-free-sound-0046_408,4.62075,/tmp/mini_librispeech/noise/pointsource_noises/noise-free-sound-0046.wav,wav,
noise-free-sound-0052_409,5.6641875,/tmp/mini_librispeech/noise/pointsource_noises/noise-free-sound-0052.wav,wav,
noise-free-sound-0734_410,21.1591875,/tmp/mini_librispeech/noise/pointsource_noises/noise-free-sound-0734.wav,wav,
noise-free-sound-0708_411,63.0595625,/tmp/mini_librispeech/noise/pointsource_noises/noise-free-sound-0708.wav,wav,
noise-free-sound-0078_412,10.370625,/tmp/mini_librispeech/noise/pointsource_noises/noise-free-sound-0078.wav,wav,
noise-free-sound-0044_413,4.5975625,/tmp/mini_librispeech/noise/pointsource_noises/noise-free-sound-0044.wav,wav,
noise-free-sound-0722_414,7.77,/tmp/mini_librispeech/noise/pointsource_noises/noise-free-sound-0722.wav,wav,
noise-free-sound-0736_415,0.9194375,/tmp/mini_librispeech/noise/pointsource_noises/noise-free-sound-0736.wav,wav,
noise-free-sound-0050_416,4.133125,/tmp/mini_librispeech/noise/pointsource_noises/noise-free-sound-0050.wav,wav,
noise-free-sound-0087_417,2.8,/tmp/mini_librispeech/noise/pointsource_noises/noise-free-sound-0087.wav,wav,
noise-free-sound-0093_418,5.317375,/tmp/mini_librispeech/noise/pointsource_noises/noise-free-sound-0093.wav,wav,
noise-free-sound-0508_419,7.319875,/tmp/mini_librispeech/noise/pointsource_noises/noise-free-sound-0508.wav,wav,
noise-free-sound-0520_420,12.5,/tmp/mini_librispeech/noise/pointsource_noises/noise-free-sound-0520.wav,wav,
noise-free-sound-0246_421,24.7246875,/tmp/mini_librispeech/noise/pointsource_noises/noise-free-sound-0246.wav,wav,
noise-free-sound-0252_422,20.9501875,/tmp/mini_librispeech/noise/pointsource_noises/noise-free-sound-0252.wav,wav,
noise-free-sound-0534_423,17.477625,/tmp/mini_librispeech/noise/pointsource_noises/noise-free-sound-0534.wav,wav,
noise-free-sound-0285_424,4.0925,/tmp/mini_librispeech/noise/pointsource_noises/noise-free-sound-0285.wav,wav,
noise-free-sound-0291_425,9.090625,/tmp/mini_librispeech/noise/pointsource_noises/noise-free-sound-0291.wav,wav,
noise-free-sound-0468_426,23.12375,/tmp/mini_librispeech/noise/pointsource_noises/noise-free-sound-0468.wav,wav,
noise-free-sound-0454_427,41.885,/tmp/mini_librispeech/noise/pointsource_noises/noise-free-sound-0454.wav,wav,
noise-free-sound-0332_428,3.625,/tmp/mini_librispeech/noise/pointsource_noises/noise-free-sound-0332.wav,wav,
noise-free-sound-0326_429,16.0775,/tmp/mini_librispeech/noise/pointsource_noises/noise-free-sound-0326.wav,wav,
noise-free-sound-0440_430,4.1883125,/tmp/mini_librispeech/noise/pointsource_noises/noise-free-sound-0440.wav,wav,
noise-free-sound-0497_431,302.0,/tmp/mini_librispeech/noise/pointsource_noises/noise-free-sound-0497.wav,wav,
noise-free-sound-0483_432,22.5959375,/tmp/mini_librispeech/noise/pointsource_noises/noise-free-sound-0483.wav,wav,
noise-free-sound-0118_433,17.41,/tmp/mini_librispeech/noise/pointsource_noises/noise-free-sound-0118.wav,wav,
noise-free-sound-0130_434,38.8701875,/tmp/mini_librispeech/noise/pointsource_noises/noise-free-sound-0130.wav,wav,
noise-free-sound-0656_435,4.884875,/tmp/mini_librispeech/noise/pointsource_noises/noise-free-sound-0656.wav,wav,
noise-free-sound-0642_436,4.4930625,/tmp/mini_librispeech/noise/pointsource_noises/noise-free-sound-0642.wav,wav,
noise-free-sound-0124_437,5.0,/tmp/mini_librispeech/noise/pointsource_noises/noise-free-sound-0124.wav,wav,
noise-free-sound-0695_438,9.4238125,/tmp/mini_librispeech/noise/pointsource_noises/noise-free-sound-0695.wav,wav,
noise-free-sound-0681_439,96.7053125,/tmp/mini_librispeech/noise/pointsource_noises/noise-free-sound-0681.wav,wav,
noise-free-sound-0680_440,14.568,/tmp/mini_librispeech/noise/pointsource_noises/noise-free-sound-0680.wav,wav,
noise-free-sound-0694_441,19.8465,/tmp/mini_librispeech/noise/pointsource_noises/noise-free-sound-0694.wav,wav,
noise-free-sound-0643_442,2.78425,/tmp/mini_librispeech/noise/pointsource_noises/noise-free-sound-0643.wav,wav,
noise-free-sound-0125_443,1.125,/tmp/mini_librispeech/noise/pointsource_noises/noise-free-sound-0125.wav,wav,
noise-free-sound-0131_444,55.597375,/tmp/mini_librispeech/noise/pointsource_noises/noise-free-sound-0131.wav,wav,
noise-free-sound-0657_445,9.6670625,/tmp/mini_librispeech/noise/pointsource_noises/noise-free-sound-0657.wav,wav,
noise-free-sound-0119_446,70.728,/tmp/mini_librispeech/noise/pointsource_noises/noise-free-sound-0119.wav,wav,
noise-free-sound-0482_447,13.5314375,/tmp/mini_librispeech/noise/pointsource_noises/noise-free-sound-0482.wav,wav,
noise-free-sound-0496_448,5.97325,/tmp/mini_librispeech/noise/pointsource_noises/noise-free-sound-0496.wav,wav,
noise-free-sound-0327_449,5.1596875,/tmp/mini_librispeech/noise/pointsource_noises/noise-free-sound-0327.wav,wav,
noise-free-sound-0441_450,45.568,/tmp/mini_librispeech/noise/pointsource_noises/noise-free-sound-0441.wav,wav,
noise-free-sound-0455_451,168.2695,/tmp/mini_librispeech/noise/pointsource_noises/noise-free-sound-0455.wav,wav,
noise-free-sound-0333_452,15.6735,/tmp/mini_librispeech/noise/pointsource_noises/noise-free-sound-0333.wav,wav,
noise-free-sound-0469_453,10.7805,/tmp/mini_librispeech/noise/pointsource_noises/noise-free-sound-0469.wav,wav,
noise-free-sound-0290_454,44.304,/tmp/mini_librispeech/noise/pointsource_noises/noise-free-sound-0290.wav,wav,
noise-free-sound-0284_455,2.786,/tmp/mini_librispeech/noise/pointsource_noises/noise-free-sound-0284.wav,wav,
noise-free-sound-0253_456,0.9750625,/tmp/mini_librispeech/noise/pointsource_noises/noise-free-sound-0253.wav,wav,
noise-free-sound-0535_457,18.137625,/tmp/mini_librispeech/noise/pointsource_noises/noise-free-sound-0535.wav,wav,
noise-free-sound-0521_458,7.0008125,/tmp/mini_librispeech/noise/pointsource_noises/noise-free-sound-0521.wav,wav,
noise-free-sound-0247_459,77.7345625,/tmp/mini_librispeech/noise/pointsource_noises/noise-free-sound-0247.wav,wav,
noise-free-sound-0509_460,10.79725,/tmp/mini_librispeech/noise/pointsource_noises/noise-free-sound-0509.wav,wav,
noise-free-sound-0092_461,15.079625,/tmp/mini_librispeech/noise/pointsource_noises/noise-free-sound-0092.wav,wav,
noise-free-sound-0086_462,51.685,/tmp/mini_librispeech/noise/pointsource_noises/noise-free-sound-0086.wav,wav,
noise-free-sound-0737_463,4.8469375,/tmp/mini_librispeech/noise/pointsource_noises/noise-free-sound-0737.wav,wav,
noise-free-sound-0051_464,6.52,/tmp/mini_librispeech/noise/pointsource_noises/noise-free-sound-0051.wav,wav,
noise-free-sound-0045_465,4.644,/tmp/mini_librispeech/noise/pointsource_noises/noise-free-sound-0045.wav,wav,
noise-free-sound-0723_466,89.721875,/tmp/mini_librispeech/noise/pointsource_noises/noise-free-sound-0723.wav,wav,
noise-free-sound-0079_467,6.0005625,/tmp/mini_librispeech/noise/pointsource_noises/noise-free-sound-0079.wav,wav,
noise-free-sound-0706_468,28.290625,/tmp/mini_librispeech/noise/pointsource_noises/noise-free-sound-0706.wav,wav,
noise-free-sound-0060_469,1.044875,/tmp/mini_librispeech/noise/pointsource_noises/noise-free-sound-0060.wav,wav,
noise-free-sound-0074_470,17.24,/tmp/mini_librispeech/noise/pointsource_noises/noise-free-sound-0074.wav,wav,
noise-free-sound-0712_471,2.847375,/tmp/mini_librispeech/noise/pointsource_noises/noise-free-sound-0712.wav,wav,
noise-free-sound-0048_472,494.6599375,/tmp/mini_librispeech/noise/pointsource_noises/noise-free-sound-0048.wav,wav,
noise-free-sound-0262_473,35.0301875,/tmp/mini_librispeech/noise/pointsource_noises/noise-free-sound-0262.wav,wav,
noise-free-sound-0504_474,58.0034375,/tmp/mini_librispeech/noise/pointsource_noises/noise-free-sound-0504.wav,wav,
noise-free-sound-0510_475,19.845125,/tmp/mini_librispeech/noise/pointsource_noises/noise-free-sound-0510.wav,wav,
noise-free-sound-0276_476,2.8715,/tmp/mini_librispeech/noise/pointsource_noises/noise-free-sound-0276.wav,wav,
noise-free-sound-0538_477,0.5738125,/tmp/mini_librispeech/noise/pointsource_noises/noise-free-sound-0538.wav,wav,
noise-free-sound-0289_478,22.2821875,/tmp/mini_librispeech/noise/pointsource_noises/noise-free-sound-0289.wav,wav,
noise-free-sound-0316_479,11.1455625,/tmp/mini_librispeech/noise/pointsource_noises/noise-free-sound-0316.wav,wav,
noise-free-sound-0470_480,4.757375,/tmp/mini_librispeech/noise/pointsource_noises/noise-free-sound-0470.wav,wav,
noise-free-sound-0464_481,8.0831875,/tmp/mini_librispeech/noise/pointsource_noises/noise-free-sound-0464.wav,wav,
noise-free-sound-0302_482,17.914125,/tmp/mini_librispeech/noise/pointsource_noises/noise-free-sound-0302.wav,wav,
noise-free-sound-0458_483,20.7055625,/tmp/mini_librispeech/noise/pointsource_noises/noise-free-sound-0458.wav,wav,
noise-free-sound-0672_484,6.2955,/tmp/mini_librispeech/noise/pointsource_noises/noise-free-sound-0672.wav,wav,
noise-free-sound-0114_485,99.9298125,/tmp/mini_librispeech/noise/pointsource_noises/noise-free-sound-0114.wav,wav,
noise-free-sound-0100_486,7.323125,/tmp/mini_librispeech/noise/pointsource_noises/noise-free-sound-0100.wav,wav,
noise-free-sound-0666_487,13.685625,/tmp/mini_librispeech/noise/pointsource_noises/noise-free-sound-0666.wav,wav,
noise-free-sound-0128_488,4.056,/tmp/mini_librispeech/noise/pointsource_noises/noise-free-sound-0128.wav,wav,
noise-free-sound-0841_489,90.0,/tmp/mini_librispeech/noise/pointsource_noises/noise-free-sound-0841.wav,wav,
noise-free-sound-0699_490,119.5101875,/tmp/mini_librispeech/noise/pointsource_noises/noise-free-sound-0699.wav,wav,
noise-free-sound-0698_491,76.168875,/tmp/mini_librispeech/noise/pointsource_noises/noise-free-sound-0698.wav,wav,
noise-free-sound-0840_492,70.191,/tmp/mini_librispeech/noise/pointsource_noises/noise-free-sound-0840.wav,wav,
noise-free-sound-0129_493,8.2939375,/tmp/mini_librispeech/noise/pointsource_noises/noise-free-sound-0129.wav,wav,
noise-free-sound-0101_494,112.90125,/tmp/mini_librispeech/noise/pointsource_noises/noise-free-sound-0101.wav,wav,
noise-free-sound-0667_495,13.7598125,/tmp/mini_librispeech/noise/pointsource_noises/noise-free-sound-0667.wav,wav,
noise-free-sound-0673_496,3.8298125,/tmp/mini_librispeech/noise/pointsource_noises/noise-free-sound-0673.wav,wav,
noise-free-sound-0115_497,2.577125,/tmp/mini_librispeech/noise/pointsource_noises/noise-free-sound-0115.wav,wav,
noise-free-sound-0459_498,40.3069375,/tmp/mini_librispeech/noise/pointsource_noises/noise-free-sound-0459.wav,wav,
noise-free-sound-0465_499,9.007375,/tmp/mini_librispeech/noise/pointsource_noises/noise-free-sound-0465.wav,wav,
noise-free-sound-0303_500,8.1955,/tmp/mini_librispeech/noise/pointsource_noises/noise-free-sound-0303.wav,wav,
noise-free-sound-0317_501,7.256875,/tmp/mini_librispeech/noise/pointsource_noises/noise-free-sound-0317.wav,wav,
noise-free-sound-0471_502,7.915125,/tmp/mini_librispeech/noise/pointsource_noises/noise-free-sound-0471.wav,wav,
noise-free-sound-0288_503,59.688,/tmp/mini_librispeech/noise/pointsource_noises/noise-free-sound-0288.wav,wav,
noise-free-sound-0539_504,1.515125,/tmp/mini_librispeech/noise/pointsource_noises/noise-free-sound-0539.wav,wav,
noise-free-sound-0511_505,4.0,/tmp/mini_librispeech/noise/pointsource_noises/noise-free-sound-0511.wav,wav,
noise-free-sound-0277_506,5.705125,/tmp/mini_librispeech/noise/pointsource_noises/noise-free-sound-0277.wav,wav,
noise-free-sound-0263_507,0.9043125,/tmp/mini_librispeech/noise/pointsource_noises/noise-free-sound-0263.wav,wav,
noise-free-sound-0505_508,9.373875,/tmp/mini_librispeech/noise/pointsource_noises/noise-free-sound-0505.wav,wav,
noise-free-sound-0049_509,3.4666875,/tmp/mini_librispeech/noise/pointsource_noises/noise-free-sound-0049.wav,wav,
noise-free-sound-0075_510,20.31125,/tmp/mini_librispeech/noise/pointsource_noises/noise-free-sound-0075.wav,wav,
noise-free-sound-0713_511,1.6979375,/tmp/mini_librispeech/noise/pointsource_noises/noise-free-sound-0713.wav,wav,
noise-free-sound-0707_512,40.0718125,/tmp/mini_librispeech/noise/pointsource_noises/noise-free-sound-0707.wav,wav,
noise-free-sound-0061_513,11.0498125,/tmp/mini_librispeech/noise/pointsource_noises/noise-free-sound-0061.wav,wav,
noise-free-sound-0711_514,0.3926875,/tmp/mini_librispeech/noise/pointsource_noises/noise-free-sound-0711.wav,wav,
noise-free-sound-0077_515,11.7233125,/tmp/mini_librispeech/noise/pointsource_noises/noise-free-sound-0077.wav,wav,
noise-free-sound-0063_516,6.2666875,/tmp/mini_librispeech/noise/pointsource_noises/noise-free-sound-0063.wav,wav,
noise-free-sound-0705_517,11.3306875,/tmp/mini_librispeech/noise/pointsource_noises/noise-free-sound-0705.wav,wav,
noise-free-sound-0739_518,19.224,/tmp/mini_librispeech/noise/pointsource_noises/noise-free-sound-0739.wav,wav,
noise-free-sound-0088_519,44.8666875,/tmp/mini_librispeech/noise/pointsource_noises/noise-free-sound-0088.wav,wav,
noise-free-sound-0275_520,12.096,/tmp/mini_librispeech/noise/pointsource_noises/noise-free-sound-0275.wav,wav,
noise-free-sound-0513_521,10.7885625,/tmp/mini_librispeech/noise/pointsource_noises/noise-free-sound-0513.wav,wav,
noise-free-sound-0507_522,1.1199375,/tmp/mini_librispeech/noise/pointsource_noises/noise-free-sound-0507.wav,wav,
noise-free-sound-0261_523,88.0,/tmp/mini_librispeech/noise/pointsource_noises/noise-free-sound-0261.wav,wav,
noise-free-sound-0249_524,40.684625,/tmp/mini_librispeech/noise/pointsource_noises/noise-free-sound-0249.wav,wav,
noise-free-sound-0301_525,180.9495625,/tmp/mini_librispeech/noise/pointsource_noises/noise-free-sound-0301.wav,wav,
noise-free-sound-0467_526,14.1738125,/tmp/mini_librispeech/noise/pointsource_noises/noise-free-sound-0467.wav,wav,
noise-free-sound-0473_527,9.11675,/tmp/mini_librispeech/noise/pointsource_noises/noise-free-sound-0473.wav,wav,
noise-free-sound-0315_528,2.7838125,/tmp/mini_librispeech/noise/pointsource_noises/noise-free-sound-0315.wav,wav,
noise-free-sound-0329_529,9.69225,/tmp/mini_librispeech/noise/pointsource_noises/noise-free-sound-0329.wav,wav,
noise-free-sound-0498_530,5.0,/tmp/mini_librispeech/noise/pointsource_noises/noise-free-sound-0498.wav,wav,
noise-free-sound-0665_531,17.2669375,/tmp/mini_librispeech/noise/pointsource_noises/noise-free-sound-0665.wav,wav,
noise-free-sound-0103_532,5.2381875,/tmp/mini_librispeech/noise/pointsource_noises/noise-free-sound-0103.wav,wav,
noise-free-sound-0117_533,33.6573125,/tmp/mini_librispeech/noise/pointsource_noises/noise-free-sound-0117.wav,wav,
noise-free-sound-0671_534,70.191,/tmp/mini_librispeech/noise/pointsource_noises/noise-free-sound-0671.wav,wav,
noise-free-sound-0659_535,11.1241875,/tmp/mini_librispeech/noise/pointsource_noises/noise-free-sound-0659.wav,wav,
noise-free-sound-0842_536,300.0,/tmp/mini_librispeech/noise/pointsource_noises/noise-free-sound-0842.wav,wav,
noise-free-sound-0658_537,19.0,/tmp/mini_librispeech/noise/pointsource_noises/noise-free-sound-0658.wav,wav,
noise-free-sound-0116_538,8.82075,/tmp/mini_librispeech/noise/pointsource_noises/noise-free-sound-0116.wav,wav,
noise-free-sound-0670_539,4.7600625,/tmp/mini_librispeech/noise/pointsource_noises/noise-free-sound-0670.wav,wav,
noise-free-sound-0664_540,15.647375,/tmp/mini_librispeech/noise/pointsource_noises/noise-free-sound-0664.wav,wav,
noise-free-sound-0102_541,143.62125,/tmp/mini_librispeech/noise/pointsource_noises/noise-free-sound-0102.wav,wav,
noise-free-sound-0499_542,7.889,/tmp/mini_librispeech/noise/pointsource_noises/noise-free-sound-0499.wav,wav,
noise-free-sound-0328_543,0.7181875,/tmp/mini_librispeech/noise/pointsource_noises/noise-free-sound-0328.wav,wav,
noise-free-sound-0472_544,94.0,/tmp/mini_librispeech/noise/pointsource_noises/noise-free-sound-0472.wav,wav,
noise-free-sound-0314_545,0.6109375,/tmp/mini_librispeech/noise/pointsource_noises/noise-free-sound-0314.wav,wav,
noise-free-sound-0300_546,6.112625,/tmp/mini_librispeech/noise/pointsource_noises/noise-free-sound-0300.wav,wav,
noise-free-sound-0466_547,13.9530625,/tmp/mini_librispeech/noise/pointsource_noises/noise-free-sound-0466.wav,wav,
noise-free-sound-0248_548,60.30275,/tmp/mini_librispeech/noise/pointsource_noises/noise-free-sound-0248.wav,wav,
noise-free-sound-0506_549,24.58125,/tmp/mini_librispeech/noise/pointsource_noises/noise-free-sound-0506.wav,wav,
noise-free-sound-0260_550,14.4,/tmp/mini_librispeech/noise/pointsource_noises/noise-free-sound-0260.wav,wav,
noise-free-sound-0274_551,3.96775,/tmp/mini_librispeech/noise/pointsource_noises/noise-free-sound-0274.wav,wav,
noise-free-sound-0512_552,3.78775,/tmp/mini_librispeech/noise/pointsource_noises/noise-free-sound-0512.wav,wav,
noise-free-sound-0089_553,13.871,/tmp/mini_librispeech/noise/pointsource_noises/noise-free-sound-0089.wav,wav,
noise-free-sound-0738_554,27.89875,/tmp/mini_librispeech/noise/pointsource_noises/noise-free-sound-0738.wav,wav,
noise-free-sound-0062_555,6.0666875,/tmp/mini_librispeech/noise/pointsource_noises/noise-free-sound-0062.wav,wav,
noise-free-sound-0704_556,20.16,/tmp/mini_librispeech/noise/pointsource_noises/noise-free-sound-0704.wav,wav,
noise-free-sound-0710_557,45.7404375,/tmp/mini_librispeech/noise/pointsource_noises/noise-free-sound-0710.wav,wav,
noise-free-sound-0076_558,80.0,/tmp/mini_librispeech/noise/pointsource_noises/noise-free-sound-0076.wav,wav,
noise-free-sound-0728_559,123.84,/tmp/mini_librispeech/noise/pointsource_noises/noise-free-sound-0728.wav,wav,
noise-free-sound-0072_560,26.6225625,/tmp/mini_librispeech/noise/pointsource_noises/noise-free-sound-0072.wav,wav,
noise-free-sound-0714_561,1.12325,/tmp/mini_librispeech/noise/pointsource_noises/noise-free-sound-0714.wav,wav,
noise-free-sound-0700_562,41.04,/tmp/mini_librispeech/noise/pointsource_noises/noise-free-sound-0700.wav,wav,
noise-free-sound-0066_563,60.9436875,/tmp/mini_librispeech/noise/pointsource_noises/noise-free-sound-0066.wav,wav,
noise-free-sound-0099_564,7.4946875,/tmp/mini_librispeech/noise/pointsource_noises/noise-free-sound-0099.wav,wav,
noise-free-sound-0258_565,25.7580625,/tmp/mini_librispeech/noise/pointsource_noises/noise-free-sound-0258.wav,wav,
noise-free-sound-0516_566,1.0991875,/tmp/mini_librispeech/noise/pointsource_noises/noise-free-sound-0516.wav,wav,
noise-free-sound-0270_567,398.0610625,/tmp/mini_librispeech/noise/pointsource_noises/noise-free-sound-0270.wav,wav,
noise-free-sound-0264_568,29.631375,/tmp/mini_librispeech/noise/pointsource_noises/noise-free-sound-0264.wav,wav,
noise-free-sound-0502_569,73.2,/tmp/mini_librispeech/noise/pointsource_noises/noise-free-sound-0502.wav,wav,
noise-free-sound-0338_570,9.24,/tmp/mini_librispeech/noise/pointsource_noises/noise-free-sound-0338.wav,wav,
noise-free-sound-0462_571,18.76375,/tmp/mini_librispeech/noise/pointsource_noises/noise-free-sound-0462.wav,wav,
noise-free-sound-0304_572,62.0408125,/tmp/mini_librispeech/noise/pointsource_noises/noise-free-sound-0304.wav,wav,
noise-free-sound-0310_573,22.03575,/tmp/mini_librispeech/noise/pointsource_noises/noise-free-sound-0310.wav,wav,
noise-free-sound-0476_574,9.5608125,/tmp/mini_librispeech/noise/pointsource_noises/noise-free-sound-0476.wav,wav,
noise-free-sound-0489_575,62.8613125,/tmp/mini_librispeech/noise/pointsource_noises/noise-free-sound-0489.wav,wav,
noise-free-sound-0648_576,12.288,/tmp/mini_librispeech/noise/pointsource_noises/noise-free-sound-0648.wav,wav,
noise-free-sound-0106_577,153.952,/tmp/mini_librispeech/noise/pointsource_noises/noise-free-sound-0106.wav,wav,
noise-free-sound-0660_578,41.8373125,/tmp/mini_librispeech/noise/pointsource_noises/noise-free-sound-0660.wav,wav,
noise-free-sound-0674_579,31.131875,/tmp/mini_librispeech/noise/pointsource_noises/noise-free-sound-0674.wav,wav,
noise-free-sound-0112_580,1.0144375,/tmp/mini_librispeech/noise/pointsource_noises/noise-free-sound-0112.wav,wav,
noise-free-sound-0675_581,8.7690625,/tmp/mini_librispeech/noise/pointsource_noises/noise-free-sound-0675.wav,wav,
noise-free-sound-0113_582,5.8461875,/tmp/mini_librispeech/noise/pointsource_noises/noise-free-sound-0113.wav,wav,
noise-free-sound-0107_583,11.766,/tmp/mini_librispeech/noise/pointsource_noises/noise-free-sound-0107.wav,wav,
noise-free-sound-0661_584,35.5150625,/tmp/mini_librispeech/noise/pointsource_noises/noise-free-sound-0661.wav,wav,
noise-free-sound-0649_585,50.4279375,/tmp/mini_librispeech/noise/pointsource_noises/noise-free-sound-0649.wav,wav,
noise-free-sound-0488_586,5.656875,/tmp/mini_librispeech/noise/pointsource_noises/noise-free-sound-0488.wav,wav,
noise-free-sound-0311_587,13.746375,/tmp/mini_librispeech/noise/pointsource_noises/noise-free-sound-0311.wav,wav,
noise-free-sound-0477_588,15.124875,/tmp/mini_librispeech/noise/pointsource_noises/noise-free-sound-0477.wav,wav,
noise-free-sound-0463_589,15.1105625,/tmp/mini_librispeech/noise/pointsource_noises/noise-free-sound-0463.wav,wav,
noise-free-sound-0305_590,29.5,/tmp/mini_librispeech/noise/pointsource_noises/noise-free-sound-0305.wav,wav,
noise-free-sound-0339_591,20.328,/tmp/mini_librispeech/noise/pointsource_noises/noise-free-sound-0339.wav,wav,
noise-free-sound-0265_592,1.3325625,/tmp/mini_librispeech/noise/pointsource_noises/noise-free-sound-0265.wav,wav,
noise-free-sound-0503_593,5.0648125,/tmp/mini_librispeech/noise/pointsource_noises/noise-free-sound-0503.wav,wav,
noise-free-sound-0517_594,9.962,/tmp/mini_librispeech/noise/pointsource_noises/noise-free-sound-0517.wav,wav,
noise-free-sound-0271_595,29.6983125,/tmp/mini_librispeech/noise/pointsource_noises/noise-free-sound-0271.wav,wav,
noise-free-sound-0259_596,14.7069375,/tmp/mini_librispeech/noise/pointsource_noises/noise-free-sound-0259.wav,wav,
noise-free-sound-0098_597,2.766,/tmp/mini_librispeech/noise/pointsource_noises/noise-free-sound-0098.wav,wav,
noise-free-sound-0701_598,6.057625,/tmp/mini_librispeech/noise/pointsource_noises/noise-free-sound-0701.wav,wav,
noise-free-sound-0067_599,39.889,/tmp/mini_librispeech/noise/pointsource_noises/noise-free-sound-0067.wav,wav,
noise-free-sound-0073_600,124.5685625,/tmp/mini_librispeech/noise/pointsource_noises/noise-free-sound-0073.wav,wav,
noise-free-sound-0715_601,60.0555,/tmp/mini_librispeech/noise/pointsource_noises/noise-free-sound-0715.wav,wav,
noise-free-sound-0729_602,187.14125,/tmp/mini_librispeech/noise/pointsource_noises/noise-free-sound-0729.wav,wav,
noise-free-sound-0059_603,30.4428125,/tmp/mini_librispeech/noise/pointsource_noises/noise-free-sound-0059.wav,wav,
noise-free-sound-0065_604,6.9753125,/tmp/mini_librispeech/noise/pointsource_noises/noise-free-sound-0065.wav,wav,
noise-free-sound-0703_605,8.1930625,/tmp/mini_librispeech/noise/pointsource_noises/noise-free-sound-0703.wav,wav,
noise-free-sound-0717_606,5.9820625,/tmp/mini_librispeech/noise/pointsource_noises/noise-free-sound-0717.wav,wav,
noise-free-sound-0071_607,9.3919375,/tmp/mini_librispeech/noise/pointsource_noises/noise-free-sound-0071.wav,wav,
noise-free-sound-0529_608,1.8594375,/tmp/mini_librispeech/noise/pointsource_noises/noise-free-sound-0529.wav,wav,
noise-free-sound-0501_609,12.0079375,/tmp/mini_librispeech/noise/pointsource_noises/noise-free-sound-0501.wav,wav,
noise-free-sound-0267_610,36.1389375,/tmp/mini_librispeech/noise/pointsource_noises/noise-free-sound-0267.wav,wav,
noise-free-sound-0273_611,10.6433125,/tmp/mini_librispeech/noise/pointsource_noises/noise-free-sound-0273.wav,wav,
noise-free-sound-0515_612,4.075125,/tmp/mini_librispeech/noise/pointsource_noises/noise-free-sound-0515.wav,wav,
noise-free-sound-0298_613,32.0,/tmp/mini_librispeech/noise/pointsource_noises/noise-free-sound-0298.wav,wav,
noise-free-sound-0449_614,4.7380625,/tmp/mini_librispeech/noise/pointsource_noises/noise-free-sound-0449.wav,wav,
noise-free-sound-0475_615,36.3624375,/tmp/mini_librispeech/noise/pointsource_noises/noise-free-sound-0475.wav,wav,
noise-free-sound-0313_616,2.7875,/tmp/mini_librispeech/noise/pointsource_noises/noise-free-sound-0313.wav,wav,
noise-free-sound-0307_617,10.704,/tmp/mini_librispeech/noise/pointsource_noises/noise-free-sound-0307.wav,wav,
noise-free-sound-0461_618,53.3406875,/tmp/mini_librispeech/noise/pointsource_noises/noise-free-sound-0461.wav,wav,
noise-free-sound-0139_619,15.5146875,/tmp/mini_librispeech/noise/pointsource_noises/noise-free-sound-0139.wav,wav,
noise-free-sound-0111_620,16.4451875,/tmp/mini_librispeech/noise/pointsource_noises/noise-free-sound-0111.wav,wav,
noise-free-sound-0677_621,107.76,/tmp/mini_librispeech/noise/pointsource_noises/noise-free-sound-0677.wav,wav,
noise-free-sound-0663_622,29.3544375,/tmp/mini_librispeech/noise/pointsource_noises/noise-free-sound-0663.wav,wav,
noise-free-sound-0105_623,306.4163125,/tmp/mini_librispeech/noise/pointsource_noises/noise-free-sound-0105.wav,wav,
noise-free-sound-0688_624,19.25225,/tmp/mini_librispeech/noise/pointsource_noises/noise-free-sound-0688.wav,wav,
noise-free-sound-0689_625,1.05,/tmp/mini_librispeech/noise/pointsource_noises/noise-free-sound-0689.wav,wav,
noise-free-sound-0662_626,1.410625,/tmp/mini_librispeech/noise/pointsource_noises/noise-free-sound-0662.wav,wav,
noise-free-sound-0104_627,15.888,/tmp/mini_librispeech/noise/pointsource_noises/noise-free-sound-0104.wav,wav,
noise-free-sound-0110_628,40.8931875,/tmp/mini_librispeech/noise/pointsource_noises/noise-free-sound-0110.wav,wav,
noise-free-sound-0676_629,2.1630625,/tmp/mini_librispeech/noise/pointsource_noises/noise-free-sound-0676.wav,wav,
noise-free-sound-0138_630,3.25,/tmp/mini_librispeech/noise/pointsource_noises/noise-free-sound-0138.wav,wav,
noise-free-sound-0306_631,24.5,/tmp/mini_librispeech/noise/pointsource_noises/noise-free-sound-0306.wav,wav,
noise-free-sound-0460_632,13.104,/tmp/mini_librispeech/noise/pointsource_noises/noise-free-sound-0460.wav,wav,
noise-free-sound-0474_633,35.935,/tmp/mini_librispeech/noise/pointsource_noises/noise-free-sound-0474.wav,wav,
noise-free-sound-0312_634,1.513,/tmp/mini_librispeech/noise/pointsource_noises/noise-free-sound-0312.wav,wav,
noise-free-sound-0448_635,0.574,/tmp/mini_librispeech/noise/pointsource_noises/noise-free-sound-0448.wav,wav,
noise-free-sound-0299_636,0.212625,/tmp/mini_librispeech/noise/pointsource_noises/noise-free-sound-0299.wav,wav,
noise-free-sound-0272_637,41.058125,/tmp/mini_librispeech/noise/pointsource_noises/noise-free-sound-0272.wav,wav,
noise-free-sound-0514_638,5.329,/tmp/mini_librispeech/noise/pointsource_noises/noise-free-sound-0514.wav,wav,
noise-free-sound-0500_639,34.374875,/tmp/mini_librispeech/noise/pointsource_noises/noise-free-sound-0500.wav,wav,
noise-free-sound-0266_640,34.674625,/tmp/mini_librispeech/noise/pointsource_noises/noise-free-sound-0266.wav,wav,
noise-free-sound-0528_641,3.06975,/tmp/mini_librispeech/noise/pointsource_noises/noise-free-sound-0528.wav,wav,
noise-free-sound-0716_642,0.624,/tmp/mini_librispeech/noise/pointsource_noises/noise-free-sound-0716.wav,wav,
noise-free-sound-0070_643,17.98025,/tmp/mini_librispeech/noise/pointsource_noises/noise-free-sound-0070.wav,wav,
noise-free-sound-0064_644,100.1333125,/tmp/mini_librispeech/noise/pointsource_noises/noise-free-sound-0064.wav,wav,
noise-free-sound-0702_645,21.81225,/tmp/mini_librispeech/noise/pointsource_noises/noise-free-sound-0702.wav,wav,
noise-free-sound-0058_646,2.0,/tmp/mini_librispeech/noise/pointsource_noises/noise-free-sound-0058.wav,wav,
noise-free-sound-0003_647,14.2358125,/tmp/mini_librispeech/noise/pointsource_noises/noise-free-sound-0003.wav,wav,
noise-free-sound-0765_648,0.20275,/tmp/mini_librispeech/noise/pointsource_noises/noise-free-sound-0765.wav,wav,
noise-free-sound-0771_649,3.1579375,/tmp/mini_librispeech/noise/pointsource_noises/noise-free-sound-0771.wav,wav,
noise-free-sound-0017_650,7.8773125,/tmp/mini_librispeech/noise/pointsource_noises/noise-free-sound-0017.wav,wav,
noise-free-sound-0759_651,2.731375,/tmp/mini_librispeech/noise/pointsource_noises/noise-free-sound-0759.wav,wav,
noise-free-sound-0567_652,98.88,/tmp/mini_librispeech/noise/pointsource_noises/noise-free-sound-0567.wav,wav,
noise-free-sound-0201_653,7.0486875,/tmp/mini_librispeech/noise/pointsource_noises/noise-free-sound-0201.wav,wav,
noise-free-sound-0215_654,6.4375,/tmp/mini_librispeech/noise/pointsource_noises/noise-free-sound-0215.wav,wav,
noise-free-sound-0573_655,0.391,/tmp/mini_librispeech/noise/pointsource_noises/noise-free-sound-0573.wav,wav,
noise-free-sound-0229_656,5.3339375,/tmp/mini_librispeech/noise/pointsource_noises/noise-free-sound-0229.wav,wav,
noise-free-sound-0598_657,57.920125,/tmp/mini_librispeech/noise/pointsource_noises/noise-free-sound-0598.wav,wav,
noise-free-sound-0413_658,21.995125,/tmp/mini_librispeech/noise/pointsource_noises/noise-free-sound-0413.wav,wav,
noise-free-sound-0375_659,0.75,/tmp/mini_librispeech/noise/pointsource_noises/noise-free-sound-0375.wav,wav,
noise-free-sound-0361_660,7.7390625,/tmp/mini_librispeech/noise/pointsource_noises/noise-free-sound-0361.wav,wav,
noise-free-sound-0407_661,2.9594375,/tmp/mini_librispeech/noise/pointsource_noises/noise-free-sound-0407.wav,wav,
noise-free-sound-0349_662,1.0,/tmp/mini_librispeech/noise/pointsource_noises/noise-free-sound-0349.wav,wav,
noise-free-sound-0177_663,106.737875,/tmp/mini_librispeech/noise/pointsource_noises/noise-free-sound-0177.wav,wav,
noise-free-sound-0611_664,0.127,/tmp/mini_librispeech/noise/pointsource_noises/noise-free-sound-0611.wav,wav,
noise-free-sound-0605_665,32.0,/tmp/mini_librispeech/noise/pointsource_noises/noise-free-sound-0605.wav,wav,
noise-free-sound-0163_666,0.3626875,/tmp/mini_librispeech/noise/pointsource_noises/noise-free-sound-0163.wav,wav,
noise-free-sound-0639_667,6.20375,/tmp/mini_librispeech/noise/pointsource_noises/noise-free-sound-0639.wav,wav,
noise-free-sound-0188_668,9.5511875,/tmp/mini_librispeech/noise/pointsource_noises/noise-free-sound-0188.wav,wav,
noise-free-sound-0836_669,64.896,/tmp/mini_librispeech/noise/pointsource_noises/noise-free-sound-0836.wav,wav,
noise-free-sound-0822_670,4.989375,/tmp/mini_librispeech/noise/pointsource_noises/noise-free-sound-0822.wav,wav,
noise-free-sound-0823_671,2.749125,/tmp/mini_librispeech/noise/pointsource_noises/noise-free-sound-0823.wav,wav,
noise-free-sound-0189_672,6.8401875,/tmp/mini_librispeech/noise/pointsource_noises/noise-free-sound-0189.wav,wav,
noise-free-sound-0837_673,13.6533125,/tmp/mini_librispeech/noise/pointsource_noises/noise-free-sound-0837.wav,wav,
noise-free-sound-0638_674,5.5926875,/tmp/mini_librispeech/noise/pointsource_noises/noise-free-sound-0638.wav,wav,
noise-free-sound-0604_675,7.358125,/tmp/mini_librispeech/noise/pointsource_noises/noise-free-sound-0604.wav,wav,
noise-free-sound-0162_676,14.9333125,/tmp/mini_librispeech/noise/pointsource_noises/noise-free-sound-0162.wav,wav,
noise-free-sound-0176_677,2.9843125,/tmp/mini_librispeech/noise/pointsource_noises/noise-free-sound-0176.wav,wav,
noise-free-sound-0610_678,11.1804375,/tmp/mini_librispeech/noise/pointsource_noises/noise-free-sound-0610.wav,wav,
noise-free-sound-0348_679,50.1140625,/tmp/mini_librispeech/noise/pointsource_noises/noise-free-sound-0348.wav,wav,
noise-free-sound-0360_680,13.89375,/tmp/mini_librispeech/noise/pointsource_noises/noise-free-sound-0360.wav,wav,
noise-free-sound-0406_681,19.8315,/tmp/mini_librispeech/noise/pointsource_noises/noise-free-sound-0406.wav,wav,
noise-free-sound-0412_682,2.624875,/tmp/mini_librispeech/noise/pointsource_noises/noise-free-sound-0412.wav,wav,
noise-free-sound-0374_683,0.7430625,/tmp/mini_librispeech/noise/pointsource_noises/noise-free-sound-0374.wav,wav,
noise-free-sound-0599_684,3.84,/tmp/mini_librispeech/noise/pointsource_noises/noise-free-sound-0599.wav,wav,
noise-free-sound-0228_685,16.6486875,/tmp/mini_librispeech/noise/pointsource_noises/noise-free-sound-0228.wav,wav,
noise-free-sound-0214_686,8.25825,/tmp/mini_librispeech/noise/pointsource_noises/noise-free-sound-0214.wav,wav,
noise-free-sound-0572_687,123.4285625,/tmp/mini_librispeech/noise/pointsource_noises/noise-free-sound-0572.wav,wav,
noise-free-sound-0566_688,6.1883125,/tmp/mini_librispeech/noise/pointsource_noises/noise-free-sound-0566.wav,wav,
noise-free-sound-0200_689,8.75875,/tmp/mini_librispeech/noise/pointsource_noises/noise-free-sound-0200.wav,wav,
noise-free-sound-0758_690,12.644375,/tmp/mini_librispeech/noise/pointsource_noises/noise-free-sound-0758.wav,wav,
noise-free-sound-0770_691,55.5624375,/tmp/mini_librispeech/noise/pointsource_noises/noise-free-sound-0770.wav,wav,
noise-free-sound-0016_692,4.0,/tmp/mini_librispeech/noise/pointsource_noises/noise-free-sound-0016.wav,wav,
noise-free-sound-0002_693,71.2175,/tmp/mini_librispeech/noise/pointsource_noises/noise-free-sound-0002.wav,wav,
noise-free-sound-0764_694,0.0645625,/tmp/mini_librispeech/noise/pointsource_noises/noise-free-sound-0764.wav,wav,
noise-free-sound-0014_695,3.4159375,/tmp/mini_librispeech/noise/pointsource_noises/noise-free-sound-0014.wav,wav,
noise-free-sound-0772_696,4.6535625,/tmp/mini_librispeech/noise/pointsource_noises/noise-free-sound-0772.wav,wav,
noise-free-sound-0766_697,0.026125,/tmp/mini_librispeech/noise/pointsource_noises/noise-free-sound-0766.wav,wav,
noise-free-sound-0000_698,17.65875,/tmp/mini_librispeech/noise/pointsource_noises/noise-free-sound-0000.wav,wav,
noise-free-sound-0028_699,19.6179375,/tmp/mini_librispeech/noise/pointsource_noises/noise-free-sound-0028.wav,wav,
noise-free-sound-0799_700,5.6319375,/tmp/mini_librispeech/noise/pointsource_noises/noise-free-sound-0799.wav,wav,
noise-free-sound-0570_701,6.373875,/tmp/mini_librispeech/noise/pointsource_noises/noise-free-sound-0570.wav,wav,
noise-free-sound-0216_702,38.4588125,/tmp/mini_librispeech/noise/pointsource_noises/noise-free-sound-0216.wav,wav,
noise-free-sound-0202_703,10.5521875,/tmp/mini_librispeech/noise/pointsource_noises/noise-free-sound-0202.wav,wav,
noise-free-sound-0564_704,0.1035625,/tmp/mini_librispeech/noise/pointsource_noises/noise-free-sound-0564.wav,wav,
noise-free-sound-0558_705,8.38575,/tmp/mini_librispeech/noise/pointsource_noises/noise-free-sound-0558.wav,wav,
noise-free-sound-0404_706,19.040375,/tmp/mini_librispeech/noise/pointsource_noises/noise-free-sound-0404.wav,wav,
noise-free-sound-0362_707,12.875,/tmp/mini_librispeech/noise/pointsource_noises/noise-free-sound-0362.wav,wav,
noise-free-sound-0376_708,5.0866875,/tmp/mini_librispeech/noise/pointsource_noises/noise-free-sound-0376.wav,wav,
noise-free-sound-0410_709,1.1808125,/tmp/mini_librispeech/noise/pointsource_noises/noise-free-sound-0410.wav,wav,
noise-free-sound-0438_710,7.52325,/tmp/mini_librispeech/noise/pointsource_noises/noise-free-sound-0438.wav,wav,
noise-free-sound-0389_711,13.7295,/tmp/mini_librispeech/noise/pointsource_noises/noise-free-sound-0389.wav,wav,
noise-free-sound-0160_712,34.325375,/tmp/mini_librispeech/noise/pointsource_noises/noise-free-sound-0160.wav,wav,
noise-free-sound-0606_713,88.84,/tmp/mini_librispeech/noise/pointsource_noises/noise-free-sound-0606.wav,wav,
noise-free-sound-0612_714,11.0498125,/tmp/mini_librispeech/noise/pointsource_noises/noise-free-sound-0612.wav,wav,
noise-free-sound-0174_715,9.109125,/tmp/mini_librispeech/noise/pointsource_noises/noise-free-sound-0174.wav,wav,
noise-free-sound-0148_716,2.214875,/tmp/mini_librispeech/noise/pointsource_noises/noise-free-sound-0148.wav,wav,
noise-free-sound-0809_717,25.1298125,/tmp/mini_librispeech/noise/pointsource_noises/noise-free-sound-0809.wav,wav,
noise-free-sound-0821_718,3.3436875,/tmp/mini_librispeech/noise/pointsource_noises/noise-free-sound-0821.wav,wav,
noise-free-sound-0835_719,5.0515625,/tmp/mini_librispeech/noise/pointsource_noises/noise-free-sound-0835.wav,wav,
noise-free-sound-0834_720,17.0666875,/tmp/mini_librispeech/noise/pointsource_noises/noise-free-sound-0834.wav,wav,
noise-free-sound-0820_721,18.450875,/tmp/mini_librispeech/noise/pointsource_noises/noise-free-sound-0820.wav,wav,
noise-free-sound-0808_722,1.6979375,/tmp/mini_librispeech/noise/pointsource_noises/noise-free-sound-0808.wav,wav,
noise-free-sound-0149_723,1.7618125,/tmp/mini_librispeech/noise/pointsource_noises/noise-free-sound-0149.wav,wav,
noise-free-sound-0613_724,28.5518125,/tmp/mini_librispeech/noise/pointsource_noises/noise-free-sound-0613.wav,wav,
noise-free-sound-0175_725,4.7188125,/tmp/mini_librispeech/noise/pointsource_noises/noise-free-sound-0175.wav,wav,
noise-free-sound-0161_726,76.476,/tmp/mini_librispeech/noise/pointsource_noises/noise-free-sound-0161.wav,wav,
noise-free-sound-0607_727,20.0098125,/tmp/mini_librispeech/noise/pointsource_noises/noise-free-sound-0607.wav,wav,
noise-free-sound-0388_728,4.382375,/tmp/mini_librispeech/noise/pointsource_noises/noise-free-sound-0388.wav,wav,
noise-free-sound-0439_729,30.7875625,/tmp/mini_librispeech/noise/pointsource_noises/noise-free-sound-0439.wav,wav,
noise-free-sound-0377_730,8.986125,/tmp/mini_librispeech/noise/pointsource_noises/noise-free-sound-0377.wav,wav,
noise-free-sound-0411_731,2.3625625,/tmp/mini_librispeech/noise/pointsource_noises/noise-free-sound-0411.wav,wav,
noise-free-sound-0405_732,2.306875,/tmp/mini_librispeech/noise/pointsource_noises/noise-free-sound-0405.wav,wav,
noise-free-sound-0363_733,4.721875,/tmp/mini_librispeech/noise/pointsource_noises/noise-free-sound-0363.wav,wav,
noise-free-sound-0559_734,14.204625,/tmp/mini_librispeech/noise/pointsource_noises/noise-free-sound-0559.wav,wav,
noise-free-sound-0203_735,11.0944375,/tmp/mini_librispeech/noise/pointsource_noises/noise-free-sound-0203.wav,wav,
noise-free-sound-0565_736,7.429375,/tmp/mini_librispeech/noise/pointsource_noises/noise-free-sound-0565.wav,wav,
noise-free-sound-0571_737,7.1314375,/tmp/mini_librispeech/noise/pointsource_noises/noise-free-sound-0571.wav,wav,
noise-free-sound-0217_738,4.8381875,/tmp/mini_librispeech/noise/pointsource_noises/noise-free-sound-0217.wav,wav,
noise-free-sound-0798_739,12.9706875,/tmp/mini_librispeech/noise/pointsource_noises/noise-free-sound-0798.wav,wav,
noise-free-sound-0029_740,8.90775,/tmp/mini_librispeech/noise/pointsource_noises/noise-free-sound-0029.wav,wav,
noise-free-sound-0767_741,29.6385625,/tmp/mini_librispeech/noise/pointsource_noises/noise-free-sound-0767.wav,wav,
noise-free-sound-0001_742,40.5365,/tmp/mini_librispeech/noise/pointsource_noises/noise-free-sound-0001.wav,wav,
noise-free-sound-0015_743,91.244875,/tmp/mini_librispeech/noise/pointsource_noises/noise-free-sound-0015.wav,wav,
noise-free-sound-0773_744,9.045375,/tmp/mini_librispeech/noise/pointsource_noises/noise-free-sound-0773.wav,wav,
noise-free-sound-0039_745,3.4466875,/tmp/mini_librispeech/noise/pointsource_noises/noise-free-sound-0039.wav,wav,
noise-free-sound-0777_746,6.9224375,/tmp/mini_librispeech/noise/pointsource_noises/noise-free-sound-0777.wav,wav,
noise-free-sound-0011_747,34.8501875,/tmp/mini_librispeech/noise/pointsource_noises/noise-free-sound-0011.wav,wav,
noise-free-sound-0005_748,21.1853125,/tmp/mini_librispeech/noise/pointsource_noises/noise-free-sound-0005.wav,wav,
noise-free-sound-0763_749,20.491625,/tmp/mini_librispeech/noise/pointsource_noises/noise-free-sound-0763.wav,wav,
noise-free-sound-0788_750,34.8718125,/tmp/mini_librispeech/noise/pointsource_noises/noise-free-sound-0788.wav,wav,
noise-free-sound-0549_751,5.832,/tmp/mini_librispeech/noise/pointsource_noises/noise-free-sound-0549.wav,wav,
noise-free-sound-0213_752,5.7140625,/tmp/mini_librispeech/noise/pointsource_noises/noise-free-sound-0213.wav,wav,
noise-free-sound-0575_753,6.635125,/tmp/mini_librispeech/noise/pointsource_noises/noise-free-sound-0575.wav,wav,
noise-free-sound-0561_754,1.1755,/tmp/mini_librispeech/noise/pointsource_noises/noise-free-sound-0561.wav,wav,
noise-free-sound-0207_755,7.0904375,/tmp/mini_librispeech/noise/pointsource_noises/noise-free-sound-0207.wav,wav,
noise-free-sound-0429_756,24.0,/tmp/mini_librispeech/noise/pointsource_noises/noise-free-sound-0429.wav,wav,
noise-free-sound-0367_757,1.044875,/tmp/mini_librispeech/noise/pointsource_noises/noise-free-sound-0367.wav,wav,
noise-free-sound-0401_758,10.3515625,/tmp/mini_librispeech/noise/pointsource_noises/noise-free-sound-0401.wav,wav,
noise-free-sound-0415_759,6.624,/tmp/mini_librispeech/noise/pointsource_noises/noise-free-sound-0415.wav,wav,
noise-free-sound-0373_760,3.234625,/tmp/mini_librispeech/noise/pointsource_noises/noise-free-sound-0373.wav,wav,
noise-free-sound-0398_761,44.8800625,/tmp/mini_librispeech/noise/pointsource_noises/noise-free-sound-0398.wav,wav,
noise-free-sound-0159_762,5.216,/tmp/mini_librispeech/noise/pointsource_noises/noise-free-sound-0159.wav,wav,
noise-free-sound-0603_763,7.3740625,/tmp/mini_librispeech/noise/pointsource_noises/noise-free-sound-0603.wav,wav,
noise-free-sound-0165_764,33.837375,/tmp/mini_librispeech/noise/pointsource_noises/noise-free-sound-0165.wav,wav,
noise-free-sound-0171_765,4.6293125,/tmp/mini_librispeech/noise/pointsource_noises/noise-free-sound-0171.wav,wav,
noise-free-sound-0617_766,8.2026875,/tmp/mini_librispeech/noise/pointsource_noises/noise-free-sound-0617.wav,wav,
noise-free-sound-0824_767,33.12325,/tmp/mini_librispeech/noise/pointsource_noises/noise-free-sound-0824.wav,wav,
noise-free-sound-0830_768,0.9581875,/tmp/mini_librispeech/noise/pointsource_noises/noise-free-sound-0830.wav,wav,
noise-free-sound-0818_769,57.678375,/tmp/mini_librispeech/noise/pointsource_noises/noise-free-sound-0818.wav,wav,
noise-free-sound-0819_770,109.9043125,/tmp/mini_librispeech/noise/pointsource_noises/noise-free-sound-0819.wav,wav,
noise-free-sound-0831_771,11.441625,/tmp/mini_librispeech/noise/pointsource_noises/noise-free-sound-0831.wav,wav,
noise-free-sound-0825_772,2.6735625,/tmp/mini_librispeech/noise/pointsource_noises/noise-free-sound-0825.wav,wav,
noise-free-sound-0170_773,5.2906875,/tmp/mini_librispeech/noise/pointsource_noises/noise-free-sound-0170.wav,wav,
noise-free-sound-0616_774,22.6481875,/tmp/mini_librispeech/noise/pointsource_noises/noise-free-sound-0616.wav,wav,
noise-free-sound-0602_775,4.125,/tmp/mini_librispeech/noise/pointsource_noises/noise-free-sound-0602.wav,wav,
noise-free-sound-0164_776,24.96,/tmp/mini_librispeech/noise/pointsource_noises/noise-free-sound-0164.wav,wav,
noise-free-sound-0158_777,64.884,/tmp/mini_librispeech/noise/pointsource_noises/noise-free-sound-0158.wav,wav,
noise-free-sound-0399_778,16.9025,/tmp/mini_librispeech/noise/pointsource_noises/noise-free-sound-0399.wav,wav,
noise-free-sound-0414_779,28.3785,/tmp/mini_librispeech/noise/pointsource_noises/noise-free-sound-0414.wav,wav,
noise-free-sound-0372_780,22.88875,/tmp/mini_librispeech/noise/pointsource_noises/noise-free-sound-0372.wav,wav,
noise-free-sound-0366_781,4.049,/tmp/mini_librispeech/noise/pointsource_noises/noise-free-sound-0366.wav,wav,
noise-free-sound-0400_782,14.86075,/tmp/mini_librispeech/noise/pointsource_noises/noise-free-sound-0400.wav,wav,
noise-free-sound-0428_783,18.622375,/tmp/mini_librispeech/noise/pointsource_noises/noise-free-sound-0428.wav,wav,
noise-free-sound-0560_784,269.544,/tmp/mini_librispeech/noise/pointsource_noises/noise-free-sound-0560.wav,wav,
noise-free-sound-0206_785,2.3356875,/tmp/mini_librispeech/noise/pointsource_noises/noise-free-sound-0206.wav,wav,
noise-free-sound-0212_786,9.5511875,/tmp/mini_librispeech/noise/pointsource_noises/noise-free-sound-0212.wav,wav,
noise-free-sound-0574_787,20.8456875,/tmp/mini_librispeech/noise/pointsource_noises/noise-free-sound-0574.wav,wav,
noise-free-sound-0548_788,8.2024375,/tmp/mini_librispeech/noise/pointsource_noises/noise-free-sound-0548.wav,wav,
noise-free-sound-0789_789,8.8515,/tmp/mini_librispeech/noise/pointsource_noises/noise-free-sound-0789.wav,wav,
noise-free-sound-0004_790,2.9865,/tmp/mini_librispeech/noise/pointsource_noises/noise-free-sound-0004.wav,wav,
noise-free-sound-0762_791,12.8,/tmp/mini_librispeech/noise/pointsource_noises/noise-free-sound-0762.wav,wav,
noise-free-sound-0776_792,15.661875,/tmp/mini_librispeech/noise/pointsource_noises/noise-free-sound-0776.wav,wav,
noise-free-sound-0010_793,8.2415625,/tmp/mini_librispeech/noise/pointsource_noises/noise-free-sound-0010.wav,wav,
noise-free-sound-0038_794,0.9133125,/tmp/mini_librispeech/noise/pointsource_noises/noise-free-sound-0038.wav,wav,
noise-free-sound-0748_795,5.64,/tmp/mini_librispeech/noise/pointsource_noises/noise-free-sound-0748.wav,wav,
noise-free-sound-0760_796,0.6233125,/tmp/mini_librispeech/noise/pointsource_noises/noise-free-sound-0760.wav,wav,
noise-free-sound-0006_797,7.7701875,/tmp/mini_librispeech/noise/pointsource_noises/noise-free-sound-0006.wav,wav,
noise-free-sound-0012_798,32.15625,/tmp/mini_librispeech/noise/pointsource_noises/noise-free-sound-0012.wav,wav,
noise-free-sound-0774_799,3.1471875,/tmp/mini_librispeech/noise/pointsource_noises/noise-free-sound-0774.wav,wav,
noise-free-sound-0238_800,13.944,/tmp/mini_librispeech/noise/pointsource_noises/noise-free-sound-0238.wav,wav,
noise-free-sound-0204_801,6.381375,/tmp/mini_librispeech/noise/pointsource_noises/noise-free-sound-0204.wav,wav,
noise-free-sound-0562_802,9.0645,/tmp/mini_librispeech/noise/pointsource_noises/noise-free-sound-0562.wav,wav,
noise-free-sound-0576_803,3.732625,/tmp/mini_librispeech/noise/pointsource_noises/noise-free-sound-0576.wav,wav,
noise-free-sound-0210_804,5.6723125,/tmp/mini_librispeech/noise/pointsource_noises/noise-free-sound-0210.wav,wav,
noise-free-sound-0589_805,2.2465,/tmp/mini_librispeech/noise/pointsource_noises/noise-free-sound-0589.wav,wav,
noise-free-sound-0358_806,21.24625,/tmp/mini_librispeech/noise/pointsource_noises/noise-free-sound-0358.wav,wav,
noise-free-sound-0370_807,72.2546875,/tmp/mini_librispeech/noise/pointsource_noises/noise-free-sound-0370.wav,wav,
noise-free-sound-0416_808,14.9700625,/tmp/mini_librispeech/noise/pointsource_noises/noise-free-sound-0416.wav,wav,
noise-free-sound-0402_809,29.6705625,/tmp/mini_librispeech/noise/pointsource_noises/noise-free-sound-0402.wav,wav,
noise-free-sound-0364_810,11.8400625,/tmp/mini_librispeech/noise/pointsource_noises/noise-free-sound-0364.wav,wav,
noise-free-sound-0628_811,29.0220625,/tmp/mini_librispeech/noise/pointsource_noises/noise-free-sound-0628.wav,wav,
noise-free-sound-0614_812,30.0,/tmp/mini_librispeech/noise/pointsource_noises/noise-free-sound-0614.wav,wav,
noise-free-sound-0172_813,49.5543125,/tmp/mini_librispeech/noise/pointsource_noises/noise-free-sound-0172.wav,wav,
noise-free-sound-0166_814,0.768,/tmp/mini_librispeech/noise/pointsource_noises/noise-free-sound-0166.wav,wav,
noise-free-sound-0600_815,45.395,/tmp/mini_librispeech/noise/pointsource_noises/noise-free-sound-0600.wav,wav,
noise-free-sound-0833_816,4.97375,/tmp/mini_librispeech/noise/pointsource_noises/noise-free-sound-0833.wav,wav,
noise-free-sound-0199_817,6.25625,/tmp/mini_librispeech/noise/pointsource_noises/noise-free-sound-0199.wav,wav,
noise-free-sound-0827_818,0.548,/tmp/mini_librispeech/noise/pointsource_noises/noise-free-sound-0827.wav,wav,
noise-free-sound-0198_819,9.134125,/tmp/mini_librispeech/noise/pointsource_noises/noise-free-sound-0198.wav,wav,
noise-free-sound-0826_820,11.18175,/tmp/mini_librispeech/noise/pointsource_noises/noise-free-sound-0826.wav,wav,
noise-free-sound-0832_821,14.9420625,/tmp/mini_librispeech/noise/pointsource_noises/noise-free-sound-0832.wav,wav,
noise-free-sound-0167_822,2.005375,/tmp/mini_librispeech/noise/pointsource_noises/noise-free-sound-0167.wav,wav,
noise-free-sound-0601_823,4.239875,/tmp/mini_librispeech/noise/pointsource_noises/noise-free-sound-0601.wav,wav,
noise-free-sound-0615_824,10.082875,/tmp/mini_librispeech/noise/pointsource_noises/noise-free-sound-0615.wav,wav,
noise-free-sound-0173_825,106.802,/tmp/mini_librispeech/noise/pointsource_noises/noise-free-sound-0173.wav,wav,
noise-free-sound-0629_826,3.5,/tmp/mini_librispeech/noise/pointsource_noises/noise-free-sound-0629.wav,wav,
noise-free-sound-0403_827,13.009,/tmp/mini_librispeech/noise/pointsource_noises/noise-free-sound-0403.wav,wav,
noise-free-sound-0365_828,10.057125,/tmp/mini_librispeech/noise/pointsource_noises/noise-free-sound-0365.wav,wav,
noise-free-sound-0371_829,21.28,/tmp/mini_librispeech/noise/pointsource_noises/noise-free-sound-0371.wav,wav,
noise-free-sound-0417_830,10.1516875,/tmp/mini_librispeech/noise/pointsource_noises/noise-free-sound-0417.wav,wav,
noise-free-sound-0359_831,18.3078125,/tmp/mini_librispeech/noise/pointsource_noises/noise-free-sound-0359.wav,wav,
noise-free-sound-0588_832,5.8026875,/tmp/mini_librispeech/noise/pointsource_noises/noise-free-sound-0588.wav,wav,
noise-free-sound-0577_833,13.4530625,/tmp/mini_librispeech/noise/pointsource_noises/noise-free-sound-0577.wav,wav,
noise-free-sound-0211_834,6.2145625,/tmp/mini_librispeech/noise/pointsource_noises/noise-free-sound-0211.wav,wav,
noise-free-sound-0205_835,14.389375,/tmp/mini_librispeech/noise/pointsource_noises/noise-free-sound-0205.wav,wav,
noise-free-sound-0563_836,24.331875,/tmp/mini_librispeech/noise/pointsource_noises/noise-free-sound-0563.wav,wav,
noise-free-sound-0239_837,37.50525,/tmp/mini_librispeech/noise/pointsource_noises/noise-free-sound-0239.wav,wav,
noise-free-sound-0013_838,1.5445,/tmp/mini_librispeech/noise/pointsource_noises/noise-free-sound-0013.wav,wav,
noise-free-sound-0775_839,29.5101875,/tmp/mini_librispeech/noise/pointsource_noises/noise-free-sound-0775.wav,wav,
noise-free-sound-0761_840,32.3990625,/tmp/mini_librispeech/noise/pointsource_noises/noise-free-sound-0761.wav,wav,
noise-free-sound-0007_841,16.613875,/tmp/mini_librispeech/noise/pointsource_noises/noise-free-sound-0007.wav,wav,
noise-free-sound-0749_842,1.0,/tmp/mini_librispeech/noise/pointsource_noises/noise-free-sound-0749.wav,wav,
